,count
love,3224
gift,2703
quality,2437
product,2357
order,2133
picture,1709
size,1655
time,1650
day,1579
color,1507
name,1460
look,1362
ring,1303
price,1260
use,1195
print,1161
piece,1157
way,1141
chain,1132
money,1129
purchase,1109
item,1045
bracelet,1009
earring,967
frame,963
week,949
letter,899
work,897
necklace,869
nose,865
wear,834
paper,830
return,814
seller,802
break,777
month,727
bit,715
daughter,707
thing,707
smell,667
photo,646
metal,611
stone,591
scent,584
gold,543
fall,534
design,531
ear,523
review,520
star,502
lot,493
side,486
end,485
buy,482
think,474
year,472
wood,468
bag,465
material,463
part,457
package,456
place,441
leather,437
arrive,427
glass,420
company,410
silver,408
paint,406
friend,402
sign,399
hair,391
description,370
hand,369
waste,366
room,364
disappoint,364
wall,363
clasp,363
plastic,360
idea,357
show,356
husband,354
box,349
birthday,348
pay,345
issue,341
need,339
hope,331
wrist,330
jewelry,327
card,318
shipping,315
wish,313
hoop,307
skin,305
light,303
problem,298
ship,297
packaging,291
person,289
hour,283
hole,278
craftsmanship,278
tag,274
couple,273
reason,269
shape,267
edge,261
son,258
change,257
customer,255
wedding,248
weight,246
put,243
service,239
read,238
people,238
cost,238
child,234
match,233
pierce,226
start,222
word,222
one,216
band,216
refund,216
instruction,210
baby,210
contact,209
cover,209
option,208
mom,206
wife,205
take,203
fit,202
post,202
wire,202
mask,201
turn,199
dog,197
stick,195
style,194
number,194
mother,194
scratch,193
finger,193
thank,191
note,191
inch,190
touch,188
delivery,187
fade,187
try,187
home,185
point,181
heart,181
state,180
shower,180
guess,178
fact,177
neck,177
pair,176
type,176
charm,174
store,174
image,174
kind,174
font,173
wash,172
glue,170
line,170
dollar,169
today,169
family,169
compliment,167
detail,166
get,165
water,165
finish,165
see,164
notice,164
complaint,163
tape,161
job,161
bottle,160
cute,159
minute,159
cup,159
damage,158
page,156
half,155
date,154
sister,153
fix,152
anniversary,152
sticker,152
granddaughter,151
bathroom,151
pocket,150
replacement,148
recommend,148
plate,147
string,146
dainty,144
hold,144
request,144
oil,142
update,141
length,141
strap,140
face,139
hook,138
kid,138
go,137
catch,134
advertise,134
wallet,132
cut,130
feel,130
area,130
bar,129
clip,129
peel,128
collar,128
boyfriend,128
girl,128
top,127
stain,127
plan,126
house,126
crystal,126
value,126
book,125
towel,125
mine,125
message,124
spot,123
tree,123
poster,123
amazon,121
bend,121
center,119
care,116
bath,116
night,115
remove,114
hang,114
stamp,113
bead,113
pic,113
custom,113
art,113
sleep,112
board,112
deal,111
loop,111
sterling,109
base,108
space,108
mailbox,108
know,106
direction,105
lettering,105
adult,104
purse,104
customize,103
help,103
amount,103
wait,103
soap,103
mess,102
door,102
bottom,100
attention,100
sheet,100
fun,100
rust,100
stay,99
come,99
fabric,99
stuff,98
twist,98
lol,97
fault,96
check,96
figure,96
business,96
charge,95
stock,94
chip,93
buyer,93
man,92
leave,91
slide,90
cardboard,90
response,90
email,90
experience,89
eye,89
addition,88
craft,88
bubble,88
process,88
want,88
crack,88
follow,87
candle,87
kitchen,87
table,86
label,85
opinion,85
display,84
ink,84
mail,83
writing,83
wrap,82
corner,82
screw,82
expectation,82
sand,82
keep,82
purpose,82
pain,82
measure,82
move,81
press,81
egg,80
lamp,80
attach,80
ball,80
concept,79
game,79
mind,79
describe,78
cat,78
tarnish,78
list,78
vinyl,77
jar,77
life,77
reaction,77
brand,77
pack,76
shelf,76
canvas,76
head,76
link,74
spray,74
text,73
flower,73
rest,73
woman,73
nail,73
front,72
ribbon,72
write,72
workmanship,72
trash,72
cord,72
puzzle,72
body,71
holder,71
surface,70
matter,70
rip,70
condition,70
disappointment,69
coat,69
overprice,69
personalization,69
tangle,68
coffee,68
drop,68
salt,68
personalize,68
texture,68
air,68
lack,68
fill,67
choice,67
vendor,67
backing,67
make,67
office,67
layer,67
machine,66
engraving,66
stretch,65
steel,65
junk,65
shop,64
nursery,64
engrave,64
cartilage,64
result,64
penny,63
difference,63
pop,63
assume,63
install,63
printer,63
law,63
version,62
marker,62
bed,61
map,61
knot,60
handle,60
mistake,60
fan,60
trouble,60
decide,60
future,59
tear,59
envelope,59
roll,59
cloth,58
credit,58
rise,58
comment,57
school,57
surprise,57
grandson,57
support,57
boy,57
magnet,57
circle,56
find,55
garbage,55
decoration,55
niece,55
mirror,55
play,55
none,55
copper,54
pattern,54
ad,54
search,54
guy,53
anticipate,53
site,53
tie,53
sample,53
call,52
small,52
give,52
watch,52
fragrance,52
mark,51
girlfriend,51
bedroom,51
lid,51
replace,51
tell,51
set,51
chance,51
closure,51
throw,51
keychain,50
rating,50
wax,50
computer,50
buck,50
gauge,50
arm,50
address,49
good,49
question,49
cane,49
concern,49
decor,49
switch,49
copy,48
window,48
recipient,48
foot,48
theme,48
inscription,48
slip,48
measurement,48
toe,47
rubber,47
energy,47
error,47
gem,47
course,47
burn,47
hardware,47
dad,47
dimension,47
sea,47
everyday,46
latch,46
crap,46
cake,46
pick,46
hate,46
stand,45
mean,45
compare,45
fine,45
arrival,45
leg,45
gap,45
step,45
portion,45
snap,44
sense,44
matte,44
durability,44
imagine,44
sturdy,44
rate,44
beware,44
attempt,44
morning,44
living,43
hurt,43
information,43
quarter,43
ankle,43
bracket,43
mention,43
lead,43
car,43
member,42
background,42
rub,42
flimsy,42
occasion,42
dishwasher,41
weather,41
thumb,41
repair,41
shine,41
claim,41
seal,41
bum,41
cap,40
artwork,40
glitter,40
reorder,40
birthstone,40
script,40
offer,40
pinch,40
dress,40
etch,39
floor,39
14k,39
advertising,39
connect,39
effort,39
presentation,39
ingredient,39
grip,39
test,39
toddler,38
shame,38
plaque,38
artist,38
dot,38
worry,38
website,38
beauty,38
self,38
protection,38
party,38
stethoscope,38
nostril,37
sleeve,37
thickness,37
screen,37
stop,37
fitbit,37
nickel,37
cause,37
tone,37
liner,37
form,37
transfer,37
tip,37
project,36
bother,36
symbol,36
sort,36
mat,36
protect,36
title,36
notebook,36
promise,36
guest,35
parent,35
luck,35
button,35
feeling,35
worth,35
back,35
irritate,35
impression,35
thread,35
magnify,35
deliver,35
quartz,35
communication,35
opening,35
headache,34
owner,34
shirt,34
maker,34
regret,34
example,34
l,34
customization,34
tumbler,34
run,34
brother,34
yesterday,33
character,33
lip,33
pen,33
talk,33
stud,33
drink,33
section,33
wrinkle,33
wording,33
tool,33
disappointing,33
video,33
moisturize,33
anklet,32
r,32
monogram,32
allergy,32
porch,32
push,32
infection,32
hassle,32
reply,32
application,32
perfume,32
dye,32
appearance,32
drill,31
pressure,31
internet,31
birth,31
taste,31
right,31
lavender,31
wonder,31
pearl,31
struggle,31
prevent,31
opal,31
angle,31
coating,31
info,31
reference,31
thinking,31
blow,31
walk,30
event,30
dime,30
travel,30
ton,30
manufacturer,30
pouch,30
steamer,30
resin,30
accessory,30
field,30
disc,30
curve,30
belt,30
stove,30
spend,29
wreath,29
level,29
bullet,29
lose,29
summer,29
bummer,29
mix,29
diameter,29
combination,29
exchange,29
age,29
itch,29
pin,29
control,29
lightweight,29
alot,29
turquoise,29
feature,29
block,29
period,29
bump,29
misspell,29
rush,28
container,28
irritation,28
peppermint,28
shoulder,28
slot,28
moment,28
conditioner,28
variety,28
well,28
shade,28
dangle,28
lesson,28
heat,28
suppose,28
world,27
hammer,27
laminate,27
dandelion,27
imprint,27
rock,27
topper,27
bowl,27
joke,27
tin,27
lady,27
capital,27
valentine,27
crease,27
dock,27
construction,27
effect,27
printing,27
ruin,27
strip,27
stocking,27
holiday,27
brass,27
fee,27
pad,26
lotion,26
strike,26
manner,26
installation,26
sale,26
remind,26
build,26
loss,26
recipe,26
position,26
bomb,26
reality,26
diamond,26
untangle,26
notch,26
tighten,26
placement,26
flaw,26
moon,26
gemstone,26
enjoy,26
bride,25
respond,25
jeweler,25
reach,25
mm,25
piercing,25
flag,25
waist,25
garden,25
trust,25
suck,25
suggestion,25
tad,25
desk,25
beach,25
comfort,25
ask,25
choose,25
e,25
solution,25
moisture,25
sound,25
answer,25
present,25
tiny,24
pull,24
reviewer,24
bookmark,24
smile,24
distance,24
plywood,24
outfit,24
stress,24
sooo,24
zipper,24
embroidery,24
father,24
height,24
connection,24
sweat,23
country,23
faint,23
provide,23
aroma,23
risk,23
spring,23
research,23
trip,23
ease,23
mislead,23
class,23
stack,23
film,23
anchor,23
calendar,23
sell,23
reminder,23
seam,23
dislike,23
location,23
scalp,22
blanket,22
squeeze,22
foam,22
ride,22
fire,22
lock,22
needle,22
sentiment,22
term,22
wifi,22
bonus,22
medium,22
comb,22
planner,22
black,22
manage,22
breath,22
soooo,22
adjust,22
bow,22
rash,22
c,22
force,22
situation,22
tiger,22
mount,22
rope,22
moonstone,22
buckle,22
golf,22
proof,21
fear,21
count,21
power,21
leak,21
bunch,21
hinge,21
shipment,21
stitching,21
hat,21
craftmanship,21
cardstock,21
straw,21
folk,21
advertisement,21
jump,21
teen,21
cent,21
coin,21
z,21
glow,21
residue,21
song,21
statement,20
fashion,20
estimate,20
anxiety,20
object,20
sun,20
rain,20
market,20
1st,20
protector,20
float,20
assembly,20
spelling,20
looking,20
file,20
seat,20
cage,20
college,20
ground,20
sparkle,20
policy,20
pool,20
fragile,20
appreciate,20
music,20
tortilla,20
classroom,20
bee,20
conversation,20
model,20
tab,20
weekend,20
blue,19
photograph,19
min,19
discoloration,19
smudge,19
sweatshirt,19
honeysuckle,19
miss,19
bill,19
velcro,19
pendent,19
loc,19
season,19
shift,19
wrong,19
apartment,19
extension,19
battery,19
create,19
edit,19
record,19
regard,19
lift,19
foil,19
burner,19
grey,19
schedule,19
filter,19
classy,18
giftable,18
daughterinlaw,18
graduation,18
coworker,18
aluminum,18
airpod,18
silicone,18
dust,18
believe,18
grandma,18
smear,18
lie,18
helix,18
selection,18
tourmaline,18
mold,18
washing,18
story,18
wipe,18
garage,18
doubt,18
costume,18
j,18
toy,18
function,18
incense,18
tooth,18
postage,18
bronze,18
winter,18
seed,17
duty,17
tube,17
crush,17
score,17
add,17
def,17
unicorn,17
border,17
candy,17
tea,17
banner,17
comparison,17
adjustment,17
leaf,17
needless,17
shock,17
polish,17
apple,17
diffuser,17
pendant,17
repeat,17
perfection,17
logo,17
evening,17
discount,17
vintage,17
rug,17
splinter,17
wind,17
ability,17
total,17
glance,17
laugh,17
beard,17
cash,16
scam,16
neighbor,16
butterfly,16
flake,16
yard,16
kit,16
barley,16
sink,16
snag,16
clothe,16
spell,16
fur,16
vibrant,16
shopping,16
pencil,16
downside,16
bent,16
preview,16
flap,16
deceive,16
send,16
imperfection,16
grain,16
chest,16
desire,16
system,16
supply,16
benefit,16
chart,16
tug,16
cream,16
thought,16
sit,16
complement,16
patience,16
yeti,16
nature,16
rice,16
wrapping,16
pyramid,16
tomorrow,16
crook,16
receipt,16
nephew,16
produce,16
iron,16
choker,15
iphone,15
sweater,15
fiancé,15
con,15
omg,15
overpower,15
accord,15
license,15
pet,15
medallion,15
advice,15
tile,15
cleaning,15
joy,15
round,15
grade,15
appeal,15
fool,15
extender,15
adhesive,15
confuse,15
cotton,15
close,15
hubby,15
creator,15
powder,15
bug,15
student,15
perfect,15
drain,15
range,15
tail,15
binder,15
dice,15
crib,15
honor,15
camera,15
expose,15
justice,15
collection,15
fiance,15
drawback,15
food,15
view,15
challenge,15
production,14
jade,14
spin,14
trim,14
entry,14
3rd,14
groom,14
glove,14
lyric,14
meaning,14
clothing,14
user,14
nursing,14
scale,14
orange,14
movie,14
keepsake,14
sturdiness,14
2nd,14
method,14
handcraft,14
lobe,14
practice,14
chemical,14
share,14
delay,14
hell,14
nozzle,14
plant,14
laser,14
closing,14
cross,14
meet,14
save,14
chair,14
engagement,14
coordinate,14
attachment,14
amethyst,14
earlobe,14
lil,14
brush,14
street,14
interest,14
mechanism,14
recommendation,14
longevity,14
drive,13
matching,13
designer,13
oval,13
peace,13
laptop,13
authenticity,13
reed,13
fruity,13
citrine,13
mouth,13
sensitivity,13
roller,13
expense,13
badge,13
breaker,13
ice,13
substance,13
activity,13
usage,13
mass,13
bleed,13
command,13
pleasant,13
understand,13
treat,13
plating,13
n,13
guinea,13
butter,13
dozen,13
lowercase,13
tissue,13
advise,13
safety,13
staple,13
painting,13
sprayer,13
sunlight,13
intend,13
track,13
difficulty,13
spill,13
smoke,13
ugh,13
pup,13
disk,13
washer,13
elephant,13
prompt,13
thrill,13
initial,12
infant,12
past,12
knife,12
require,12
acrylic,12
raise,12
content,12
library,12
laundry,12
w,12
resolve,12
mint,12
unravel,12
tack,12
accent,12
rule,12
recieve,12
client,12
purple,12
odor,12
zip,12
team,12
suit,12
steam,12
tub,12
pricy,12
journal,12
bean,12
listing,12
connector,12
fireplace,12
bridal,12
wellmade,12
definition,12
memory,12
healing,12
bourbon,12
dish,12
bell,12
pork,12
favor,12
speed,12
sizing,12
burlap,12
moisturizer,12
etsy,12
flash,12
element,12
jacket,12
trigger,12
lover,12
melt,12
contrast,12
sheen,12
meh,12
poke,12
width,11
greasy,11
ceremony,11
super,11
fray,11
compartment,11
manufacture,11
flour,11
portray,11
christmas,11
happen,11
adhere,11
nurse,11
property,11
sport,11
soak,11
highquality,11
carbon,11
gas,11
shatter,11
alignment,11
specification,11
storage,11
fidget,11
defect,11
treasure,11
starbuck,11
town,11
repaint,11
chocolate,11
sight,11
execution,11
infect,11
medal,11
batch,11
swell,11
fir,11
nope,11
consider,11
reshape,11
teacher,11
confidence,11
vase,11
forget,11
noise,11
vacation,11
draw,11
speak,11
city,11
cheep,11
disney,11
stencil,11
pant,11
sliver,11
roomy,11
cousin,11
ok,11
packing,11
chime,11
peg,11
depict,11
plug,11
simplicity,11
pound,11
barrette,11
supplier,11
robe,11
device,11
apply,11
hint,10
hip,10
dining,10
luster,10
dent,10
bring,10
assemble,10
soo,10
darling,10
palm,10
lab,10
scrub,10
aid,10
grab,10
turtle,10
cherry,10
animal,10
lighting,10
co,10
improvement,10
pillow,10
bonito,10
yr,10
grandmother,10
velvet,10
outline,10
blend,10
fence,10
lifetime,10
counter,10
aquamarine,10
g,10
gun,10
discover,10
relief,10
stopper,10
study,10
caution,10
shadow,10
doctor,10
guide,10
dough,10
carve,10
erase,10
fantastic,10
aspect,10
dinner,10
overlap,10
preference,10
dark,10
rustic,10
signature,10
organizer,10
factor,10
sinus,10
sandalwood,10
scrap,10
opt,10
skip,10
alternative,10
farmhouse,10
downfall,10
cart,10
patch,10
target,10
teenager,10
jewel,10
bench,10
adhesion,10
h,10
striker,10
lemon,9
hide,9
headline,9
patient,9
discolor,9
lever,9
glad,9
thinness,9
degree,9
cry,9
majority,9
avoid,9
advance,9
warning,9
bling,9
stitch,9
category,9
whiskey,9
alcohol,9
report,9
pine,9
dorm,9
soften,9
green,9
napkin,9
dissolve,9
grocery,9
tint,9
blur,9
shaving,9
reflection,9
tap,9
motorcycle,9
coverage,9
history,9
master,9
strength,9
doormat,9
favorite,9
key,9
beeswax,9
trinket,9
ticket,9
rainbow,9
scheme,9
correct,9
compass,9
handmade,9
hug,9
peal,9
clue,9
gym,9
bf,9
friction,9
drawer,9
minimalist,9
illustration,9
flow,9
manipulate,9
fail,9
exception,9
sewing,9
group,9
complain,9
blister,9
por,9
movement,9
shot,9
lanyard,9
3d,9
brake,9
leash,9
balance,9
superb,9
factory,9
clarity,9
quantity,9
flip,8
pricing,8
staff,8
restock,8
shoe,8
prong,8
este,8
pride,8
environment,8
lens,8
satisfaction,8
trick,8
obsess,8
row,8
account,8
blood,8
skill,8
stream,8
epoxy,8
onyx,8
impact,8
red,8
upset,8
indication,8
mesh,8
hrs,8
setup,8
variation,8
aunt,8
padding,8
ponytail,8
moldavite,8
feminine,8
scream,8
split,8
functionality,8
realize,8
fiber,8
humidity,8
thin,8
pod,8
phase,8
warp,8
stink,8
frustrating,8
snow,8
rag,8
prop,8
assure,8
basket,8
stem,8
era,8
fish,8
octopus,8
grandchild,8
tubing,8
beer,8
enthusiast,8
pumpkin,8
dirt,8
behavior,8
grant,8
clog,8
expect,8
puller,8
source,8
eucalyptus,8
washcloth,8
weigh,8
sugar,8
malachite,8
smooth,8
lobby,8
depth,8
doll,8
guarantee,8
jean,8
cube,8
gloss,8
surround,8
chicken,8
align,8
cuff,8
steal,8
online,8
grandparent,8
coaster,8
feed,8
possibility,8
pliable,8
fraction,8
fingernail,8
flawless,8
eraser,8
migraine,8
furniture,8
upgrade,8
rinse,8
reflect,8
moisturizing,8
vibe,8
lining,7
recycle,7
goal,7
clamp,7
defeat,7
swirl,7
adore,7
excuse,7
inform,7
sake,7
cookbook,7
specify,7
investment,7
nylon,7
dinosaur,7
mile,7
orgone,7
resolution,7
tote,7
cutout,7
studio,7
usp,7
peice,7
disappear,7
scrape,7
septum,7
teal,7
fly,7
sky,7
que,7
minder,7
snug,7
gooseberry,7
visit,7
boss,7
dream,7
sconce,7
success,7
turnaround,7
buddy,7
growth,7
vehicle,7
crafter,7
carrier,7
swap,7
backpack,7
wave,7
cancer,7
kick,7
rivet,7
ornament,7
holdfast,7
bike,7
layout,7
comfy,7
scroll,7
everytime,7
stylish,7
couch,7
knob,7
truck,7
sharpie,7
unit,7
setting,7
apostrophe,7
nightmare,7
transit,7
reader,7
lunch,7
standard,7
train,7
big,7
drinker,7
wine,7
mucho,7
heal,7
panel,7
gorilla,7
particle,7
bear,7
delicate,7
scratchy,7
partner,7
centerpiece,7
makeup,7
tray,7
phrase,7
shoot,7
player,7
pass,7
pro,7
inspection,7
pot,7
rotate,7
grease,7
cabin,7
recomiendo,7
access,7
drywall,7
cheesy,7
envision,7
gumball,7
postcard,7
ensure,7
mountain,7
adhd,7
gum,7
cabinet,7
marble,7
spirit,7
explanation,7
budget,7
say,7
superglue,7
freshener,7
alittle,7
friendship,7
attack,7
app,7
mailing,7
deform,7
die,7
pipe,7
labor,7
treatment,7
basement,7
spouse,6
capture,6
feeder,6
curb,6
handful,6
excelente,6
security,6
scar,6
sensation,6
fluke,6
sapphire,6
simple,6
coil,6
pig,6
employee,6
warming,6
cow,6
grape,6
fruit,6
flavor,6
hurry,6
confirm,6
carry,6
bind,6
distress,6
afternoon,6
scanner,6
roommate,6
bendy,6
ziplock,6
unity,6
roof,6
reinforcement,6
liking,6
blouse,6
tobacco,6
deduct,6
gray,6
horse,6
mil,6
b,6
goodness,6
patina,6
index,6
cylinder,6
inspire,6
punctuation,6
wiggle,6
embroider,6
judge,6
baseball,6
increase,6
brick,6
representation,6
charger,6
inscribe,6
marriage,6
release,6
rattle,6
volume,6
farm,6
apology,6
transport,6
certificate,6
triangle,6
azabache,6
define,6
beat,6
decision,6
transaction,6
chalk,6
debate,6
component,6
learn,6
hit,6
yuck,6
hear,6
inkjet,6
speck,6
bridge,6
assumption,6
uniqueness,6
station,6
marketing,6
dissappointe,6
win,6
p,6
cheek,6
maneuver,6
colour,6
profit,6
worker,6
buying,6
teeny,6
ipad,6
vanilla,6
contemplate,6
melter,6
hue,6
clove,6
technology,6
rack,6
buildup,6
circumference,6
squeegee,6
stamper,6
uppercase,6
legit,6
mejor,6
locsanity,6
stuffer,6
mildew,6
adventure,6
satin,6
wiring,6
butt,6
scarf,6
clock,6
fight,6
boat,6
puss,6
heartbeat,6
lather,6
mailer,6
spa,6
marry,6
intention,6
mall,6
repackage,6
cutter,6
foto,6
refill,6
sage,6
hazard,6
expand,6
mood,6
construct,6
quilt,6
fat,6
document,6
readjust,6
prefect,6
photocopy,6
department,6
embarrass,5
bleach,5
mist,5
spacer,5
engage,5
park,5
microscope,5
balm,5
antique,5
blunt,5
8x10,5
misalign,5
oz,5
ruby,5
toiletry,5
grainy,5
web,5
perform,5
removal,5
trace,5
serve,5
avail,5
bank,5
bolt,5
collect,5
mermaid,5
backer,5
talent,5
twin,5
olive,5
sisterinlaw,5
freak,5
bun,5
principle,5
crown,5
nit,5
runner,5
decade,5
lame,5
distort,5
apron,5
blade,5
comme,5
middle,5
accident,5
flame,5
processing,5
blame,5
showcase,5
pinky,5
labradorite,5
toss,5
coconut,5
select,5
spoon,5
mini,5
grace,5
lantern,5
flop,5
novelty,5
breathe,5
danty,5
household,5
arthritis,5
discomfort,5
firm,5
remark,5
underwear,5
mode,5
beginning,5
welcome,5
community,5
eare,5
peak,5
chunky,5
parking,5
veneer,5
gripe,5
road,5
spread,5
easel,5
flashlight,5
deck,5
labeling,5
driver,5
braclet,5
vacuum,5
action,5
spool,5
cure,5
icon,5
dance,5
basis,5
pleasure,5
arrange,5
beef,5
overlay,5
meat,5
cone,5
pile,5
puede,5
tee,5
exposure,5
chapstick,5
timer,5
fulfil,5
pale,5
backside,5
punch,5
salvage,5
tracking,5
clarify,5
misprint,5
sooooo,5
prep,5
percent,5
framing,5
tweezer,5
meditate,5
limit,5
tracker,5
rectangle,5
wet,5
heck,5
tower,5
hypoallergenic,5
bat,5
22nd,5
fraud,5
timing,5
frustration,5
cocktail,5
reattach,5
relationship,5
graduate,5
health,5
misshapen,5
masculine,5
paste,5
uniform,5
jewelery,5
alta,5
faith,5
wing,5
formula,5
register,5
liquid,5
ash,5
dealbreaker,5
male,5
rod,5
brown,5
sterle,5
confirmation,5
temperature,5
childhood,5
cool,5
collage,5
stickiness,5
commemorate,5
pottery,5
bundle,5
minecraft,5
cruise,5
format,5
merchant,5
tablet,5
cam,5
beverage,5
approval,5
chef,5
recognize,5
war,5
linen,5
kitty,5
facebook,5
eyeglass,5
earth,5
club,5
ordering,5
king,5
neighborhood,5
communicate,5
corn,5
painter,5
starter,5
backdrop,5
march,5
watercolor,5
casual,5
individual,5
fishing,5
accompany,5
code,5
origin,5
personality,5
abuse,5
plane,5
patent,5
sisterlock,5
fluid,5
fleece,5
determine,5
precision,5
scissor,5
trade,5
honey,5
customizable,5
airway,5
motion,5
structure,5
ranch,5
groove,5
youtube,5
building,5
cuteness,5
boo,5
listen,5
parchment,5
slice,5
bite,5
relieve,5
creation,5
pink,5
profile,5
jam,5
bond,5
ver,5
skull,5
cheat,5
cushion,5
bone,5
braille,4
drip,4
sponge,4
jet,4
hose,4
insertion,4
pinche,4
stun,4
breakage,4
grind,4
slap,4
atleast,4
repurchase,4
stair,4
redo,4
bud,4
culture,4
death,4
cartridge,4
carving,4
granny,4
tilt,4
meal,4
cook,4
dresser,4
quaint,4
shawl,4
chunk,4
angel,4
belief,4
wound,4
contain,4
redecorate,4
outfits,4
monogramme,4
cheapy,4
impress,4
rim,4
workout,4
locket,4
swimming,4
density,4
vegetable,4
cooper,4
yike,4
paraffin,4
torture,4
inlaw,4
default,4
utility,4
depress,4
disaster,4
auto,4
chrysoprase,4
shaft,4
unbox,4
nickname,4
daddy,4
adjuster,4
reccomend,4
dread,4
silk,4
lay,4
remainder,4
fortune,4
convenience,4
steampunk,4
cordage,4
cold,4
remembrance,4
police,4
disorder,4
instruct,4
appliance,4
unwrap,4
hanging,4
booklet,4
slider,4
engravement,4
forearm,4
lumber,4
detract,4
indentation,4
destiny,4
consistency,4
begin,4
burgundy,4
open,4
printout,4
bet,4
warn,4
permission,4
bloom,4
luffa,4
crinkle,4
lime,4
neice,4
reception,4
forest,4
battle,4
pillar,4
engine,4
dude,4
quarantine,4
represent,4
squint,4
piercer,4
tiene,4
vest,4
grammar,4
enclosure,4
admit,4
emboss,4
bestie,4
facet,4
tween,4
banana,4
thicken,4
sideway,4
beatle,4
concert,4
mantel,4
misunderstood,4
promote,4
inout,4
plier,4
admire,4
uncle,4
general,4
clap,4
convince,4
bargain,4
entryway,4
annoy,4
outcome,4
meantime,4
men,4
misrepresent,4
imitation,4
act,4
dirty,4
gross,4
motivational,4
sofia,4
bright,4
brace,4
hardcover,4
frail,4
thrift,4
dammit,4
conjestion,4
flesh,4
lung,4
spec,4
stunk,4
notification,4
alloy,4
moist,4
illusion,4
suspect,4
diaper,4
pint,4
rosewater,4
campfire,4
lapis,4
swatch,4
yellow,4
fatherinlaw,4
inflame,4
stre,4
boho,4
jewellery,4
camper,4
tax,4
dissapointe,4
surgery,4
fastener,4
folder,4
daylight,4
appreciation,4
fairy,4
emblem,4
receive,4
hotel,4
wth,4
enter,4
portrait,4
encounter,4
cobalt,4
swelling,4
pour,4
ceiling,4
resemble,4
network,4
task,4
stability,4
chore,4
spearmint,4
messenger,4
sherpa,4
shrink,4
confusion,4
titanium,4
bobblehead,4
coppery,4
claire,4
secure,4
tire,4
streak,4
kink,4
scuff,4
praise,4
join,4
varnish,4
whole,4
tech,4
sealer,4
jewlery,4
charcoal,4
vend,4
styrofoam,4
commitment,4
birthdate,4
microwave,4
correction,4
storm,4
giving,4
concrete,4
remake,4
vermeil,4
entrance,4
freaking,4
cardiology,4
dryer,4
wearer,4
obstruct,4
basketball,4
bachelorette,4
par,4
boot,4
depot,4
silhouette,4
essence,4
mdf,4
teakwood,4
smash,4
accomplish,4
winner,4
respect,4
ocd,4
sock,4
hallway,4
ser,4
curtain,4
insert,4
facility,4
meditation,4
cutting,4
stovetop,4
second,4
tv,4
sphere,4
meeting,4
bathtub,4
puppy,4
fingerprint,4
misshape,4
saver,4
cable,4
bust,4
poop,4
súper,4
inconsistency,4
land,4
calm,4
gate,4
tener,4
rave,4
prime,4
pea,4
focus,4
registry,4
neckless,4
flight,4
solve,4
crowd,4
brightness,4
climate,4
filler,4
pentacle,4
crew,4
dragon,4
crumble,4
emergency,4
farmer,4
fragrant,3
root,3
una,3
tender,3
ex,3
idiot,3
backup,3
hype,3
walgreen,3
wristlet,3
shawn,3
effectiveness,3
snip,3
crop,3
recognition,3
mush,3
planet,3
specimen,3
pill,3
threading,3
injury,3
vet,3
hunt,3
planning,3
solicitor,3
path,3
extent,3
tshirt,3
warehouse,3
execute,3
walnut,3
lobster,3
restick,3
mouse,3
excitement,3
ottoman,3
ruff,3
watermelon,3
garnet,3
shamrock,3
glittery,3
stretching,3
program,3
outta,3
nickle,3
swim,3
scenario,3
modification,3
tune,3
recvd,3
consume,3
congestion,3
cm,3
assistance,3
gender,3
magnifier,3
pero,3
capitalize,3
bubblegum,3
fuse,3
visibility,3
tutorial,3
chuck,3
leftover,3
stare,3
integrity,3
bang,3
threader,3
refer,3
complete,3
retire,3
stench,3
manure,3
distributor,3
shiny,3
chin,3
tennis,3
elbow,3
corkscrew,3
dig,3
dissipate,3
calligraphy,3
unclasp,3
decorate,3
30th,3
silicon,3
orgonite,3
gather,3
seem,3
bubbly,3
tapestry,3
fitting,3
weld,3
mineral,3
litter,3
theory,3
sensor,3
comfortable,3
training,3
gag,3
fuss,3
shell,3
shed,3
sum,3
hesitate,3
duct,3
combat,3
imagery,3
theater,3
nd,3
greeting,3
controller,3
sigh,3
island,3
download,3
reunion,3
pizza,3
creativity,3
wake,3
48hrs,3
cleavage,3
approve,3
blemish,3
drum,3
sympathy,3
succulent,3
lacquer,3
reset,3
bounce,3
shampoo,3
microfiber,3
chord,3
asi,3
pigment,3
agate,3
woodwork,3
clutch,3
shake,3
walmart,3
rude,3
withstand,3
blink,3
workplace,3
fotos,3
percentage,3
bellini,3
hawaii,3
dreadlock,3
alphabet,3
reposition,3
hematite,3
purchaser,3
grader,3
oxidation,3
splash,3
grave,3
female,3
topnotch,3
itching,3
breathing,3
solder,3
retailer,3
entirety,3
fever,3
masking,3
therapy,3
resize,3
flare,3
configuration,3
inconvenience,3
grate,3
retrieve,3
slate,3
careful,3
warranty,3
curse,3
unplug,3
blackish,3
settle,3
happiness,3
k,3
reproduction,3
remedy,3
requirement,3
prize,3
completion,3
clover,3
freedom,3
digit,3
sil,3
golfer,3
bacon,3
patio,3
messy,3
blurry,3
carpet,3
zebra,3
truth,3
assist,3
elasticity,3
sharpen,3
restre,3
beed,3
crust,3
tank,3
itchy,3
personable,3
bland,3
tooo,3
openclose,3
carton,3
eve,3
article,3
reclaim,3
fold,3
decline,3
forgive,3
blush,3
powdery,3
noticing,3
styling,3
clay,3
acm,3
tonight,3
pinesol,3
receiver,3
responsibility,3
destination,3
sew,3
astrology,3
feedback,3
distribution,3
grandaughter,3
homeschool,3
circumstance,3
flea,3
waiste,3
swoop,3
reprint,3
generate,3
loosen,3
keeper,3
heavy,3
recover,3
ceramic,3
24k,3
piss,3
warmth,3
packet,3
clean,3
spoil,3
nuisance,3
news,3
headphone,3
oder,3
ebay,3
4th,3
inclusion,3
toothpaste,3
swing,3
merchandise,3
absorbent,3
approach,3
custommade,3
ruler,3
wristband,3
pulsera,3
preserve,3
gallery,3
depend,3
santa,3
cricket,3
onion,3
live,3
rose,3
multicolore,3
rosary,3
perfectionist,3
wallpaper,3
creamy,3
witch,3
redness,3
distract,3
copyright,3
booger,3
youth,3
underwhelming,3
rollon,3
kicker,3
proposal,3
cologne,3
shepherd,3
cigar,3
alter,3
spike,3
pit,3
goto,3
template,3
queen,3
amazing,3
burst,3
rent,3
headband,3
cycle,3
yank,3
wearing,3
plaster,3
lace,3
composition,3
misplace,3
infinity,3
remade,3
ounce,3
kindness,3
airport,3
gaudy,3
hairline,3
incorrect,3
baptism,3
hesitation,3
knock,3
endure,3
lava,3
cherish,3
bail,3
baggie,3
upsetting,3
thanksgiving,3
starting,3
tragus,3
army,3
pole,3
manufacturing,3
boxer,3
enlarge,3
failure,3
willingness,3
german,3
trial,3
diminish,3
paperwork,3
traveler,3
port,3
military,3
amendment,3
instance,3
scotch,3
conceal,3
snowflake,3
topaz,3
stamping,3
satisfy,3
jack,3
purchasing,3
yah,3
12th,3
incase,3
constellation,3
sandwich,3
scraper,3
organize,3
vender,3
diligent,3
whip,3
organ,3
softness,3
science,3
fridge,3
church,3
foe,3
maintenance,3
foaming,3
improve,3
realign,3
rápido,3
lense,3
rib,3
absorbency,3
toilet,3
diy,3
ghost,3
bulk,3
cell,3
appear,3
fluff,3
polyurethane,3
outdoors,3
bellabeat,3
nerd,3
fountain,3
hairdryer,3
sunflower,3
glide,3
descent,3
century,3
celebrate,3
cellophane,3
shave,3
guage,3
vent,3
maine,3
dowel,3
plank,3
sheerness,3
covid,3
citrus,3
misleading,3
overwhelm,3
software,3
dre,3
scab,3
load,3
subtract,3
guard,3
honeymoon,3
reinforce,3
critique,3
ocean,3
column,3
spectrum,3
floss,3
boutique,3
correspondence,3
beginner,3
fasten,3
preteen,3
mantle,3
react,3
sweetheart,3
knowledge,3
clasping,3
amaze,3
wick,3
hay,3
oxide,3
chintzy,3
teresa,3
dinero,3
workbench,3
importance,3
roman,3
sis,3
feather,3
unisex,3
soda,3
medicine,3
consideration,3
import,3
retie,3
daytime,3
fork,3
cleaner,3
vice,3
doorway,3
q,3
deadline,3
north,3
rectum,3
mixture,3
depression,3
breathable,3
yoga,3
halloween,3
unbend,3
shelve,3
sampler,3
dump,3
opportunity,3
counterbore,3
nice,3
improvise,3
conflict,3
tarnishing,3
godmother,3
positivity,3
highlight,3
equipment,3
10x,3
abalone,3
rv,3
mario,3
rambler,3
fyi,3
rebend,3
wrestle,3
incident,3
drag,3
bolder,3
bout,3
handy,3
glowforge,3
breeze,3
pc,3
dispense,3
handling,3
aqua,3
proceed,2
correspond,2
juicer,2
giraffe,2
forgot,2
sellerproduct,2
punishment,2
arc,2
xray,2
nontheless,2
honeycomb,2
slippery,2
ed,2
dressier,2
disclaimer,2
chap,2
shinny,2
recourse,2
snail,2
proportion,2
stage,2
sanitizer,2
solicitation,2
dachshund,2
caption,2
sobriety,2
grayblack,2
hire,2
scrunch,2
muy,2
sex,2
blast,2
discharge,2
discourage,2
ouch,2
legibility,2
dane,2
certification,2
reek,2
neoprene,2
fragility,2
acid,2
closet,2
cheapripoff,2
grandkid,2
stomach,2
keloid,2
darker,2
waiting,2
kiddie,2
discussion,2
max,2
weed,2
peephole,2
slope,2
horrid,2
ratio,2
recién,2
urge,2
pharmacy,2
combo,2
attorney,2
swipe,2
continue,2
vaccinate,2
quility,2
album,2
alaska,2
atomizer,2
slow,2
introduce,2
oak,2
almond,2
dose,2
26th,2
casing,2
yay,2
tide,2
hostess,2
rosewood,2
fog,2
eso,2
cutesy,2
2yr,2
dismay,2
dnt,2
cop,2
nobrainer,2
formaldehyde,2
prob,2
miracle,2
sanskrit,2
ware,2
sadden,2
refreshing,2
mortar,2
humanity,2
peach,2
de,2
transpher,2
blotch,2
esteem,2
precut,2
cork,2
refuse,2
reject,2
inquire,2
skirt,2
racket,2
v,2
heap,2
priority,2
victim,2
justify,2
kindergarten,2
medailon,2
satisfactory,2
detox,2
siding,2
globe,2
checkbook,2
deceptive,2
earcuff,2
modify,2
mckenzey,2
sz,2
halfway,2
plunge,2
ther,2
emphasis,2
desperation,2
erring,2
stirling,2
performance,2
greece,2
originality,2
tight,2
permeate,2
plástico,2
bale,2
hanger,2
gouging,2
daycare,2
relation,2
shard,2
diver,2
sore,2
barrel,2
contractor,2
dring,2
fragment,2
nameword,2
journey,2
blech,2
scramble,2
razor,2
gong,2
chic,2
detergent,2
brainer,2
sanitize,2
accuse,2
lint,2
core,2
lap,2
slant,2
hiking,2
keurig,2
scorecard,2
competitor,2
seatbelt,2
stapler,2
tylenol,2
reapply,2
downsize,2
route,2
composite,2
indicator,2
clearance,2
nest,2
tortillaspizza,2
strangle,2
7th,2
lymph,2
node,2
lifestyle,2
ideal,2
pokey,2
cz,2
pare,2
waxy,2
abrasion,2
inventory,2
talla,2
protrude,2
blob,2
hmmm,2
aromatherapy,2
harm,2
outdoorsy,2
bird,2
knuckle,2
condensation,2
sideways,2
mahogany,2
peridot,2
apologize,2
operate,2
purity,2
router,2
27th,2
splintery,2
perspective,2
wher,2
means,2
ski,2
liven,2
grommet,2
beltlike,2
graygreen,2
gouge,2
teardrop,2
defective,2
breathability,2
rebel,2
sprinkle,2
oxygen,2
luggage,2
spacing,2
illness,2
monster,2
plethora,2
clipper,2
distortion,2
manor,2
prescription,2
sunroom,2
pepper,2
tunnel,2
datum,2
x,2
burden,2
shinier,2
hunter,2
panic,2
speeder,2
fighter,2
restaurant,2
scoop,2
precaution,2
vibration,2
passion,2
nitpick,2
airplane,2
undertone,2
presson,2
soccer,2
wit,2
toggle,2
pinpoint,2
lili,2
undo,2
cheese,2
affect,2
slab,2
universe,2
shininess,2
izomara,2
kitten,2
handwriting,2
conclusion,2
configure,2
wrench,2
diffuse,2
reasoning,2
discard,2
matting,2
bitch,2
carerra,2
patchouli,2
peirce,2
criticism,2
pursuit,2
goodwill,2
paperboard,2
latte,2
misconception,2
commit,2
hall,2
women,2
disinfect,2
detangle,2
efficacy,2
cedarwood,2
bezel,2
reevaluate,2
guitar,2
straighten,2
recording,2
magnetite,2
yrs,2
subside,2
massage,2
audrey,2
mechanic,2
housing,2
poodle,2
omit,2
role,2
plus,2
extend,2
decent,2
brat,2
throbbing,2
gauzy,2
horn,2
fairness,2
honesty,2
mandate,2
privacy,2
thigh,2
deer,2
slogan,2
reveiw,2
like1,2
townhome,2
tolerate,2
woodgrain,2
unfold,2
coloration,2
mud,2
skimpy,2
popcorn,2
margin,2
inlay,2
grandpa,2
littler,2
unframe,2
itchiness,2
motherinlaw,2
grasp,2
interchangeable,2
malone,2
chase,2
brain,2
remodel,2
sip,2
rebuy,2
loli,2
magic,2
instal,2
soapy,2
diseño,2
bur,2
remember,2
domain,2
reenforce,2
manager,2
playtime,2
sentence,2
lump,2
revamp,2
rancid,2
vapor,2
taxis,2
slick,2
shorten,2
torch,2
benchdog,2
kohl,2
sack,2
foresee,2
iridescent,2
transportation,2
showerbath,2
dimestill,2
bam,2
french,2
perca,2
fujifilm,2
finder,2
advantage,2
grid,2
wtf,2
collapse,2
paperweight,2
gardening,2
13th,2
sweaty,2
ect,2
gut,2
soreness,2
modeling,2
copius,2
unsure,2
stupidity,2
nick,2
overview,2
drinking,2
delaminate,2
returnrefund,2
pallet,2
driveway,2
east,2
wedge,2
fiddle,2
cling,2
lasere,2
cellphone,2
protocol,2
coo,2
goodbye,2
adhese,2
artisan,2
poner,2
attitude,2
trinity,2
1day,2
glob,2
sanity,2
fulfill,2
fuel,2
cooking,2
toast,2
stucco,2
reuse,2
pena,2
protein,2
qulity,2
owen,2
pity,2
irl,2
remorse,2
reread,2
cargo,2
pointy,2
redone,2
ontime,2
verdad,2
artistry,2
empath,2
16th,2
opposite,2
anyway,2
seaglass,2
cottage,2
nosebleed,2
muffle,2
passenger,2
gain,2
embossing,2
rhinestone,2
pacifier,2
resign,2
operation,2
presence,2
afford,2
income,2
billfold,2
yhe,2
enjoyment,2
aunque,2
parenthesis,2
explain,2
withno,2
twitch,2
breed,2
caller,2
finding,2
earre,2
prettiest,2
mission,2
vein,2
let,2
videoid,2
perception,2
hibiscus,2
rare,2
beige,2
pice,2
bless,2
wheelchair,2
appointment,2
real,2
stake,2
photography,2
amend,2
navy,2
tashia,2
tempt,2
twig,2
insult,2
working,2
irritating,2
whiteout,2
unhook,2
cluster,2
approx,2
invitation,2
rearrange,2
grass,2
reservation,2
consumer,2
tha,2
beak,2
breast,2
enhance,2
birch,2
stripe,2
funeral,2
spider,2
ahili,2
porque,2
examine,2
grand,2
carnival,2
gauze,2
spout,2
lavendar,2
waft,2
tanning,2
pump,2
reglue,2
danger,2
injure,2
procedure,2
perimeter,2
saddle,2
demand,2
cricut,2
span,2
centimeter,2
gadget,2
embarasse,2
instuction,2
exceed,2
tart,2
session,2
carabiner,2
receptacle,2
suede,2
rival,2
fiancée,2
accentuate,2
glare,2
delight,2
toothbrush,2
unknotte,2
4x,2
vessel,2
plexiglass,2
affirmation,2
delicatelooke,2
accommodate,2
specialty,2
regalo,2
geoff,2
lindo,2
retirement,2
palette,2
uv,2
cuboid,2
coffeelove,2
significance,2
greet,2
bbq,2
refresher,2
ingrave,2
weekly,2
understanding,2
hood,2
minposter,2
troubleshooting,2
cave,2
heirloom,2
corvette,2
foyer,2
bumper,2
square,2
musician,2
disease,2
stillborn,2
goof,2
guestbook,2
insulate,2
transform,2
flair,2
pinecone,2
vday,2
tooling,2
handkerchief,2
trunk,2
compensate,2
cereal,2
roughness,2
liberty,2
onoff,2
expedite,2
recliner,2
signal,2
plasticrubber,2
discreet,2
bleh,2
sweetie,2
piggy,2
inquiry,2
housewarming,2
droop,2
timeframe,2
newlywed,2
espresso,2
sucker,2
slim,2
throne,2
minimum,2
crock,2
urself,2
warm,2
devine,2
registration,2
macbook,2
backboard,2
chalkboard,2
dressy,2
beautiful,2
moneyi,2
encase,2
corrosion,2
freshner,2
spilt,2
timeless,2
fuzz,2
lounge,2
biotin,2
clarification,2
countertop,2
visitor,2
snarky,2
professional,2
frizz,2
zone,2
tier,2
sing,2
inhale,2
crest,2
congratulation,2
courtesy,2
stab,2
soul,2
wizard,2
plague,2
drift,2
lookin,2
dedication,2
pronounce,2
spite,2
galaxy,2
resell,2
piggie,2
radiation,2
crucifix,2
underline,2
bloodstone,2
packer,2
sway,2
fin,2
supermarket,2
quicksand,2
meme,2
fingertip,2
pille,2
variance,2
wellcrafte,2
sash,2
thumbtack,2
runofthemill,2
dove,2
kindle,2
ahmaze,2
moleskin,2
entertain,2
screenplay,2
understatement,2
cheapie,2
thepic,2
astronaut,2
clavicle,2
coupon,2
souvenir,2
hamsa,2
exhale,2
mesmerize,2
chocker,2
recomend,2
jeep,2
asside,2
standpoint,2
trifold,2
drawstre,2
supper,2
absorb,2
locker,2
temper,2
helmet,2
pal,2
crane,2
soooooo,2
generation,2
pan,2
discribe,2
sarah,2
acne,2
negativity,2
cleanse,2
camp,2
claw,2
gemology,2
nightstand,2
exude,2
scene,2
vibrate,2
residence,2
recess,2
docking,2
ridge,2
defense,2
gesture,2
heel,2
dear,2
interview,2
sheath,2
bait,2
pug,2
oddity,2
ya,2
existent,2
nighttime,2
organization,2
graphic,2
math,2
pause,2
windshield,2
sub,2
symbolize,2
lane,2
stationery,2
spay,2
metallic,2
seaweed,2
topcoat,2
typo,2
hobby,2
await,2
coach,2
flowery,2
noon,2
palo,2
lightning,2
pub,2
nap,2
gin,2
chill,2
caliber,2
cloud,2
texte,2
maid,2
mug,2
vault,2
nuts,2
rosegold,2
argentium,2
versatile,2
compra,2
shipper,2
hangar,2
soninlaw,2
grandfather,2
bachelorettees,2
playroom,2
dealer,2
award,2
diagnose,2
harness,2
escape,2
shimmer,2
prefer,2
strand,2
beam,2
submit,2
adorablei,2
bevel,2
ladder,2
bra,2
resume,2
estate,2
emotion,2
dissatisfy,2
eyecatche,2
adherence,2
disclosure,2
onit,2
auntie,2
permit,2
reverse,2
widen,2
summery,2
salad,2
chanel,2
lynx,2
latitude,2
destroy,2
shotglass,2
grandbaby,2
habit,2
quick,2
cadena,2
humor,2
excelent,2
buen,2
gel,2
disgrace,2
littmann,2
upload,2
23rd,2
wrangler,2
disgusting,2
tightness,2
throb,2
ignore,2
expensive,2
demás,2
pace,2
wrapper,2
doorstep,2
luxury,2
ebony,2
squish,2
deny,2
discrepancy,2
darn,2
shopper,2
wud,2
lshape,2
ringer,2
exclamation,2
décor,2
handwash,2
cozy,2
bin,2
compensation,2
misspelling,2
interaction,2
blueprint,2
salon,2
detalle,2
psychology,2
noone,2
acre,2
catcher,2
elegance,2
bachelor,2
degrade,2
verse,2
daintiness,2
whim,2
swallow,2
urine,2
cetaphil,2
embarrassing,2
horror,2
detector,2
memento,2
average,2
seperate,2
enable,2
obtain,2
cowboy,2
boil,2
pun,2
enclose,2
convenient,2
outlet,2
shrug,2
scatter,2
deter,2
jars,2
attraction,2
butcher,2
tradesman,2
shove,2
cinch,2
mande,2
parenting,1
tumble,1
manger,1
podge,1
pebblegrain,1
lindsay,1
pandora,1
bridemaid,1
clasphook,1
resort,1
makerseller,1
underworld,1
asis,1
cardigan,1
stickerspainting,1
nintendo,1
soder,1
stretchiness,1
letterswe,1
measuring,1
knocker,1
glossy,1
awkward,1
quailty,1
eko,1
compliant,1
brokenthank,1
obsidian,1
onequarter,1
rawhide,1
reviewspicture,1
teach,1
trickery,1
susan,1
notify,1
dissappointing,1
poptop,1
unlink,1
pennant,1
insurance,1
scabbe,1
nelium,1
suction,1
database,1
owl,1
finagle,1
tread,1
consolation,1
dandilion,1
revival,1
skinny,1
snack,1
cleaningshowere,1
chinese,1
redwood,1
shy,1
petit,1
amphersand,1
personliztation,1
telephone,1
pensé,1
crain,1
papercardstock,1
sync,1
charmless,1
soybean,1
rottweiler,1
evaluation,1
totalwaste,1
loook,1
folding,1
grow,1
stiffness,1
bathroomand,1
florence,1
higherrisk,1
stickerlabelwe,1
mouthpiece,1
sporting,1
lamination,1
goldtone,1
attend,1
exterior,1
boys,1
wool,1
bully,1
infestation,1
awfulcheap,1
haleigh,1
desert,1
fluorescent,1
rustdecomposition,1
swollen,1
linger,1
adultrate,1
kroger,1
decanter,1
curl,1
campus,1
flimsyness,1
browntone,1
fathead,1
crossbody,1
piecd,1
bluegray,1
mache,1
blueish,1
lager,1
surgeon,1
masks2,1
dil,1
earlymid,1
affection,1
non,1
scrate,1
superfan,1
hoot,1
rite,1
gravity,1
sweetest,1
wetter,1
cheeper,1
repurchasing,1
explore,1
dragonfly,1
curiosity,1
carport,1
wristbummer,1
n95,1
interlock,1
biscando,1
collarless,1
sealervarnish,1
rugge,1
haley,1
thunderstorm,1
alright,1
rojean,1
suppler,1
decrease,1
fabrication,1
twopack,1
athlete,1
railroad,1
niñas,1
srar,1
whitetip,1
swinge,1
mason,1
owninguse,1
sizewise,1
pinscher,1
greyhound,1
29th,1
gator,1
fibrolite,1
customs,1
gitlfriend,1
lymphs,1
streche,1
parsley,1
dry,1
dud,1
delt,1
opalescence,1
buckel,1
mistmoisture,1
wearit,1
doorbell,1
inaccuracy,1
sleeplessness,1
happy,1
paleless,1
hero,1
wtfk,1
mai,1
ploy,1
flimsythin,1
vacay,1
plasticfeel,1
whoop,1
practitioner,1
reshine,1
highestquality,1
weightlessness,1
crip,1
lucky,1
llv,1
argonite,1
specte,1
stationbar,1
scared,1
goid,1
letteroverall,1
yiesh,1
downstair,1
disentangle,1
entangle,1
colormatche,1
asume,1
combwood,1
agradò,1
reform,1
truer,1
mojarlo,1
isthinner,1
headset,1
cram,1
vinyle,1
allll,1
intent,1
mortgage,1
lookingfeeling,1
spreadsheet,1
pudding,1
unsubstantial,1
paperback,1
stew,1
nameplate,1
singer,1
loose,1
pocketsdivider,1
hula,1
corpse,1
kay,1
disappoine,1
moh,1
vise,1
forstner,1
photographer,1
basset,1
okand,1
checkout,1
denim,1
thembut,1
getdifferent,1
bvb,1
goldi,1
experienced1,1
classmate,1
narrow,1
parfum,1
boyfriendhusband,1
dow,1
bandage,1
likewhy,1
drawing,1
zoe,1
boater,1
bendcrinkle,1
okfair,1
tension,1
stratche,1
cosmetic,1
sagittarius,1
diameteris,1
shut,1
enoug,1
tow,1
autocorrect,1
beeyouteafull,1
lookingreturne,1
singlewick,1
ace,1
surgicalstainless,1
riding,1
listex,1
thoufit,1
elr,1
reel,1
thou,1
snaggedcaught,1
bleaching,1
making,1
colout,1
breakdown,1
mailman,1
deserve,1
lincoln,1
greatgranddaughter,1
thickerworrie,1
rightbiggest,1
doughter,1
videoid2f9657961b70b85afd6ee374bcbc4a79,1
skeptic,1
speakermic,1
easyi,1
tiny3,1
walkway,1
neclace,1
priduct,1
simplify,1
f9e1ccd92d58ce1d353659ee7a760c5f,1
rejuvenation,1
evoke,1
80tax,1
saud,1
annnndddd,1
entice,1
prayer,1
high,1
broje,1
seeing,1
packagingif,1
gourmand,1
brownblack,1
acatinthetree,1
hemp,1
twirl,1
heroine,1
oxidize,1
dispose,1
spine,1
oversight,1
asset,1
wield,1
branch,1
offense,1
rounder,1
contort,1
alexanderite,1
parece,1
quedara,1
10min,1
neckace,1
forever21,1
againvery,1
contract,1
tent,1
reloj,1
mucus,1
divider,1
otpion,1
yelloworange,1
pickmeup,1
brokeoff,1
videoid7431e4896bf1607dd0ea13c83a08ed68,1
hairdresser,1
representative,1
videoid5181e982640d52181f1b2752b4876c81,1
lingerie,1
pry,1
complaints1,1
crochet,1
aisle,1
buffing,1
quartermachine,1
verticle,1
repositionedmove,1
boop,1
steer,1
capability,1
veruy,1
ilove,1
pricebut,1
collie,1
punk,1
microphone,1
jazz,1
enoughfind,1
outing,1
hematitie,1
sheetrock,1
layover,1
packagingbox,1
stethescope,1
chokersmall,1
fav,1
wireless,1
duh,1
stap,1
gunmetal,1
marshall,1
doubleside,1
ductile,1
ravel,1
exercise,1
salvageable,1
intrigue,1
quote,1
mapping,1
fiddly,1
woodburning,1
arial,1
earrring,1
wellfull,1
stiff,1
arecan,1
consuse,1
15x,1
jingling,1
cody,1
whelm,1
towelkitchen,1
packagingcon,1
neater,1
welder,1
flowerbomb,1
makeupe,1
cording,1
printnice,1
hematiteblack,1
regalar,1
obsidiantiger,1
boast,1
loooooovesit,1
inaccurate,1
magnifying,1
dab,1
iver,1
highschool,1
spinner,1
smallerless,1
loot,1
kids,1
havet,1
12hrs,1
landmark,1
potato,1
playersteam,1
hastle,1
descriptor,1
antler,1
witness,1
ding,1
unframed,1
thickhard,1
dollarree,1
differentsmaller,1
weeek,1
thjng,1
pitcure,1
become,1
weirdo,1
electric,1
jamb,1
smallllll,1
shield,1
thehook,1
noncarbon,1
shortening,1
kiddo,1
annoying,1
mentholmint,1
thann,1
gusty,1
retain,1
barn,1
radius,1
ballroom,1
oal,1
cutefor,1
pikachu,1
dripless,1
reconcider,1
rustoleum,1
magnetism,1
mose,1
extentcon,1
tuck,1
puff,1
hookeye,1
soit,1
weatherproof,1
embarrase,1
snugg,1
engineer,1
hydrate,1
polyethylene,1
pointless,1
pullout,1
writingpenmanship,1
brie,1
kydex,1
necklacecord,1
repierce,1
km,1
offcenter,1
stadium,1
pikachus,1
schooler,1
yippie,1
ans,1
proclaim,1
symmetry,1
prepaire,1
oversize,1
cactus,1
f4e39295707115daf3c1c3d5ae4efd1a,1
rage,1
threaten,1
goat,1
liberate,1
hippie,1
multicolor,1
glite,1
framesmount,1
reattache,1
twinkle,1
offon,1
butbe,1
remedie,1
pricey,1
knack,1
hangn,1
south,1
wàs,1
pyou,1
airy,1
silvery,1
2x4,1
hubiera,1
claro,1
synthetic,1
lowe,1
iyear,1
trow,1
tong,1
whiff,1
knick,1
boxstone,1
craftparchment,1
prospect,1
git,1
lithman,1
fizz,1
dive,1
splatter,1
wring,1
unnotice,1
stray,1
discredit,1
soil,1
geranium,1
downpour,1
dilemma,1
negro,1
condo,1
shreddingbreake,1
pooch,1
whomever,1
combine,1
videoid6cdb8d226ad8d87feb489ac26c05b164,1
triad,1
kindaaaaa,1
bluegold,1
sooty,1
shook,1
embed,1
pokeball,1
bad,1
exclusion,1
readdress,1
surfer,1
followup,1
betw,1
goodhowever,1
labcreate,1
spire,1
navigate,1
denounce,1
society,1
lxl,1
thi,1
sensativity,1
stipulation,1
vey,1
bulletin,1
ws,1
returnget,1
6months,1
thinnessgauge,1
proofread,1
rigidity,1
18th,1
suffer,1
lengthextension,1
mustard,1
outlineimage,1
closeure,1
hahah,1
technique,1
bomber,1
walker,1
sniff,1
verrrry,1
predrille,1
dodge,1
rob,1
silpada,1
bomberspeeder,1
imagination,1
ochristmas,1
nosing,1
letteringname,1
eyelet,1
thinning,1
stepdaughter,1
buuut,1
mallet,1
sooooooo,1
pollywood,1
drilling,1
voicemail,1
observer,1
devastate,1
semipermanent,1
highdensity,1
simulate,1
fertilizer,1
tommy,1
lettring,1
context,1
ment,1
cheape,1
tailor,1
thir,1
thingy,1
reaffix,1
themotherwise,1
editing,1
videoid9e3266f436806a4c217517aafb0c183a,1
itthere,1
phallus,1
phallic,1
breather,1
documentation,1
eos,1
namebball,1
pos,1
videoid5bf5ccfa552f79d32596e9b1eaa88cfa,1
bd,1
server,1
worthless,1
bulkier,1
firlf,1
cookie,1
influencer,1
droplet,1
halfbath,1
pointer,1
tictoc,1
ishop,1
shedding,1
speele,1
charity,1
numbering,1
overdone,1
ocasión,1
thought1,1
tsubane,1
embarrassment,1
pock,1
cupboard,1
destine,1
bottombase,1
demerit,1
detachable,1
graveyard,1
starer,1
pestle,1
carrying,1
alleviate,1
mollie,1
staining,1
provocation,1
commute,1
sunshine,1
reluctant,1
1499customization,1
solicit,1
caple,1
tan,1
intial,1
pathologist,1
knockoff,1
extract,1
letting,1
prople,1
saying,1
sparkly,1
crab,1
smearedm,1
grit,1
glitch,1
brilliance,1
biggger,1
sling,1
nut,1
washdrie,1
cartrildge,1
participate,1
marla,1
maria,1
rhode,1
suuuuuuper,1
quarrel,1
signage,1
hok,1
stringage,1
smark,1
filer,1
reknot,1
recomme,1
fencing,1
tule,1
accustom,1
postpurchase,1
stickerlabel,1
misread,1
11x14i,1
goody,1
onntv,1
anniversay,1
restringe,1
boxshower,1
plasticy,1
vrry,1
pleasent,1
backround,1
expectedcon,1
constraint,1
would,1
makw,1
2252021letter,1
topez,1
_,1
cursive,1
onix,1
darck,1
ling,1
decipher,1
alley,1
recharge,1
menthol,1
instability,1
bladelike,1
grdaughter,1
foresight,1
millimeter,1
coz,1
premeiate,1
monét,1
turtles,1
smearsmudge,1
sizewidth,1
rashe,1
pimple,1
smallcolor,1
itpast,1
seeeme,1
constrict,1
damn,1
microchippe,1
derslol,1
outside,1
shortage,1
amish,1
strain,1
cheapish,1
verge,1
diligence,1
omission,1
children,1
untwist,1
5532shippe,1
shinysatiny,1
3997shippe,1
thia,1
wfree,1
smal,1
ket,1
circa,1
unstuck,1
forsure,1
onenote,1
bom,1
prelinked,1
customeroriente,1
vety,1
conection,1
pensando,1
tragic,1
omey,1
putting,1
longway,1
seehard,1
semiconditione,1
modding,1
teacup,1
placard,1
invoice,1
conditioning,1
awkwardness,1
sustainability,1
approximate,1
linty,1
perfumy,1
coma,1
responsiverecommendation,1
courage,1
speedy,1
grdau,1
sharpy,1
biggerwider,1
stranger,1
fiji,1
bread,1
returnef,1
dyetanne,1
111819it,1
ballsgot,1
breakpull,1
20mins,1
detracting,1
skinotherwise,1
hairomggrossbe,1
kerning,1
holdthe,1
orb,1
goosebump,1
hdpe,1
valuecost,1
fabricate,1
yarn,1
ponen,1
decorative,1
tester,1
momand,1
carat,1
boob,1
arcade,1
cigarette,1
tham,1
place5,1
comforter,1
lesion,1
infusion,1
lega,1
warrant,1
memoiradvice,1
cartlidge,1
catalog,1
evidence,1
edgy,1
homedepot,1
translucence,1
lmow,1
lapping,1
unreadability,1
howto,1
reconsider,1
chafe,1
dialogue,1
lomg,1
serrate,1
tinyto,1
liked1,1
text4,1
quirky,1
dull,1
favors3,1
scuttle,1
diffrent,1
ttunker,1
puncher,1
gc,1
esperaba,1
offensive,1
longlaste,1
honker,1
perforate,1
shippingok,1
executive,1
twisting,1
profession,1
wrestling,1
stck,1
smokey,1
haha,1
nape,1
areso,1
nonstop,1
braceletbracelt,1
videoid15efa8b211708dc5a5db880b1079881f,1
cad,1
cheezit,1
potent,1
ibuprofen,1
pomeranian,1
laceration,1
retract,1
malaise,1
efficient,1
outit,1
flim,1
pribter,1
slack,1
diferent,1
peeve,1
elevation,1
esperar,1
smd,1
grande,1
sahara,1
cus,1
painttexture,1
acknowledge,1
pliability,1
usps,1
sereval,1
slime,1
gia,1
rifle,1
videoid36c5773aac1eb70aa9ae267fa162766e,1
alert,1
yourfault,1
husky,1
frequency,1
bernedoodle,1
malamute,1
kudo,1
ly,1
vat,1
axe,1
assurance,1
hive,1
parker,1
jotter,1
pilot,1
subpar,1
sailor,1
viking,1
stylize,1
tierra,1
poorflimsy,1
straight,1
eirth,1
colorapplication,1
stickere,1
paperthin,1
easyhowever,1
finer,1
ugly,1
oncea,1
lake,1
lookm,1
higherend,1
nanny,1
inconsistent,1
accept,1
wayy,1
accidental,1
pertain,1
rerun,1
fakey,1
toxin,1
spiderman,1
chincey,1
terra,1
hmm,1
irdere,1
slither,1
smoking,1
describedexpecte,1
promptness,1
peoblem,1
clumpy,1
stonesdecor,1
sbape,1
matrix,1
earpiece,1
stablize,1
indent,1
reship,1
rein,1
vynil,1
circlehoop,1
sellershipper,1
midmidd,1
retrospect,1
signpro,1
merit,1
fontcon,1
dhow,1
pajama,1
itn,1
prune,1
balsa,1
village,1
overnightnow,1
rightso,1
seeup,1
productit,1
imsofia,1
bluenever,1
performer,1
ignite,1
hendrix,1
patriot,1
commodore,1
decepcionante,1
lessone,1
letra,1
migrain,1
demension,1
smuggle,1
pricewood,1
sepia,1
goldplate,1
froot,1
unlock,1
rat,1
duplicate,1
offset,1
discontinue,1
miscreate,1
tannery,1
ope,1
gardener,1
windy,1
reef,1
bbigger,1
anice,1
becuase,1
postmaster,1
guesttraffic,1
landscape,1
halfletter,1
presentability,1
longdistance,1
toscano,1
penmanship,1
capitalizationspace,1
temp,1
caleb,1
ofrece,1
choke,1
gracefully,1
gaint,1
booodstone,1
chai,1
debit,1
muchfast,1
matt,1
incur,1
dateinformation,1
sellercreator,1
linesswirl,1
peony,1
teaspoon,1
alas,1
raspberry,1
centerpiecegiveaway,1
scabbing,1
tumblrs,1
tumblr,1
goldyellow,1
tinnnnnyyyy,1
repurpose,1
ringclasp,1
short,1
hardwood,1
nonworking,1
aromatech,1
altitude,1
cery,1
wad,1
movedtouche,1
gummy,1
caint,1
vegvisir,1
videoid119c64b033cca71da6b3ac3d05766c9d,1
carpentry,1
havingand,1
miserable,1
licture,1
development,1
steep,1
hop,1
videoid8b5070bacbb81b5536823f19d633b6be,1
brittle,1
guaze,1
mindenergyreality,1
vick,1
lapse,1
elect,1
wordsdefinition,1
skyrocket,1
maskit,1
insertremove,1
craftman,1
deodorant,1
erode,1
dislodge,1
rely,1
hardboard,1
polyester,1
aphotograph,1
mo,1
bathe,1
mth,1
flimsyi,1
what6,1
woodworke,1
emperor,1
fricke,1
shutdown,1
disatisfaction,1
rayon,1
sauder,1
watering,1
buikduo,1
stamp2,1
coarse,1
womenwhen,1
smallermore,1
beatds,1
ink1,1
vision,1
region,1
ulluaq,1
rout,1
smearing,1
passage,1
sucrose,1
blackness,1
rechaine,1
fluffy,1
acrossthebody,1
smalltomedium,1
subtle,1
laptopstablet,1
11yo,1
rightside,1
workshop,1
wlith,1
smoker,1
taper,1
vold,1
dip,1
flimsyand,1
matfor,1
touchgift,1
launch,1
así,1
califique,1
iyt,1
inswide,1
piecing,1
remobe,1
houseclean,1
wateringmiste,1
citizen,1
ruddy,1
kidney,1
hairwash,1
betina,1
endear,1
gruesa,1
gifitable,1
overtime,1
longterm,1
reduce,1
bailey,1
puchase,1
tough,1
themin,1
hella,1
shizzle,1
mismo,1
hacen,1
hypoalergic,1
sido,1
dicen,1
backto,1
opalescent,1
purchasealthough,1
durar,1
pucker,1
9th,1
suicide,1
tinyyyyy,1
dissapounte,1
stat,1
fume,1
consistancy,1
agree,1
benshot,1
preschooler,1
badd,1
kassidy,1
appealing,1
deduction,1
sizeadjusting,1
eyebrow,1
standoff,1
singe,1
butsmall,1
candleshort,1
shrivel,1
suelen,1
rizzle,1
cancellation,1
goodconsistent,1
prude,1
americana,1
machinemade,1
aliitle,1
meld,1
dragonspotluck,1
chok,1
similarity,1
2l,1
dinge,1
cleanup,1
handsweepe,1
burrow,1
fidgeting,1
expiration,1
dill,1
pickle,1
easyup,1
buyupdate,1
personalizationthen,1
tearing,1
verbiage,1
flavescen,1
tarnishesdo,1
problematic,1
punish,1
awful,1
anough,1
thefront,1
wordwelcome,1
phoneput,1
plusse,1
ham,1
pita,1
spase,1
ethique,1
womka,1
spear,1
chatter,1
merkaba,1
layla,1
será,1
bueno,1
envase,1
times,1
espero,1
tienen,1
freya,1
guestimate,1
nickmane,1
lippie,1
contempt,1
frost,1
whilei,1
weird,1
teammate,1
exorcism,1
vaccination,1
30day,1
colors,1
drug,1
candlemoney,1
alligator,1
themit,1
poolocean,1
pregame,1
vitamin,1
bulb,1
cello,1
haphazard,1
offapart,1
invert,1
carryon,1
tarnished,1
overweight,1
openeing,1
consist,1
randomly,1
drame,1
cartalige,1
instagram,1
covidlockdown,1
tingling,1
displace,1
handcrafteditem,1
university,1
barrett,1
talktext,1
farming,1
polishm,1
mushroom,1
therapist,1
bentpeele,1
voodoo,1
bdsm,1
amusement,1
willing,1
studentsemployee,1
language,1
merece,1
littman,1
urinate,1
tomake,1
protester,1
inflation,1
trap,1
dermatologist,1
auction,1
chock,1
rhythm,1
den,1
untilunless,1
febreeze,1
orangeygrey,1
problema,1
boomer,1
quatis,1
lure,1
diffucult,1
orogone,1
correlate,1
descendant,1
interpret,1
necklacechain,1
intuition,1
evervibe,1
smallis,1
swore,1
whop,1
descripcion,1
announce,1
silverplate,1
rhyme,1
verdict,1
mole,1
ringersilent,1
lanyardcord,1
reveive,1
cvs,1
buttload,1
nurserybedroom,1
bahama,1
qualityi,1
intricacy,1
trail,1
deteriorate,1
beforebut,1
leaa,1
oxidization,1
typing,1
anticipation,1
suggest,1
toosmall,1
gues,1
lroduct,1
youngster,1
penmarker,1
thisalthough,1
snall,1
ringlittle,1
cashless,1
toll,1
cor,1
bight,1
gii,1
cropping,1
hind,1
gimmick,1
dirtmold,1
unhappy,1
youclean,1
nonstaining,1
pls,1
toooooo,1
favotite,1
flexibility,1
screwback,1
pawn,1
mujer,1
repack,1
lookvintage,1
ay,1
clunk,1
stroke,1
augment,1
whi,1
but1,1
voice,1
taupeblack,1
wet2,1
vacuuming,1
money55,1
speckle,1
hardweare,1
costing,1
oiliness,1
neglect,1
stoppedoh,1
wringengraving,1
moneu,1
flatter,1
boxee,1
regifte,1
starfish,1
statistic,1
dashboard,1
sellermaker,1
8th,1
11th,1
17th,1
harden,1
dawn,1
neckalace,1
headpiece,1
taupe,1
manuever,1
rank,1
thoughtfulness,1
evie,1
boring,1
oreja,1
threat,1
videoid8c8fbc8d028909566236ef8a9587676c,1
unfortunate,1
loser,1
downaddendumseller,1
rape,1
calibrate,1
verify,1
transparentit,1
videoi,1
summary,1
consternation,1
ramia,1
anythingin,1
burgandy,1
returnable,1
condione,1
tend,1
mediumgrade,1
curlicue,1
gash,1
evaporate,1
snatch,1
jewlry,1
responsibilty,1
tryin,1
beading,1
marca,1
momentáneamente,1
bastante,1
viene,1
molestarse,1
seek,1
precisely5,1
ambulance,1
engañada,1
bu5,1
yell,1
shallow,1
intenseit,1
miyagi,1
crafty,1
consistent,1
iridescence,1
undurability,1
weary,1
refundexchange,1
tarnishesdiscolor,1
butit,1
mew,1
goldnot,1
vegan,1
50cent,1
psoriasis,1
eachother,1
shiney,1
speaker,1
upplug,1
superrr,1
serial,1
ette,1
injustice,1
newborn,1
mortify,1
scare,1
potion,1
creviceso,1
allude,1
toxicity,1
belive,1
hum,1
coppercopper,1
picturedit,1
gulity,1
inspect,1
reliever,1
midst,1
swift,1
whiteclear,1
terri,1
corneredge,1
facil,1
1hr,1
grossness,1
fashionista,1
latger,1
readytopaint,1
court,1
chainlink,1
fleck,1
parttime,1
dissaponte,1
dine,1
spade,1
mickey,1
cought,1
goldilock,1
frill,1
laminator,1
tribute,1
mintnavygray,1
iswa,1
low,1
strandschain,1
mumbo,1
jumbo,1
despintó,1
sq,1
veeeery,1
madesure,1
inspector,1
conjure,1
marion,1
cloy,1
tair,1
retreat,1
nizzile,1
puddy,1
printerprinter,1
creamate,1
exist,1
picutre,1
resource,1
mockup,1
author,1
criticize,1
crookedness,1
petco,1
fácil,1
fading,1
decoletage,1
replay,1
tomato,1
advicemake,1
roping,1
ladyish,1
capitalization,1
wheat,1
copypaste,1
allusion,1
cartoon,1
pixilation,1
stacker,1
promice,1
rook,1
disappearslook,1
resizing,1
perch,1
decription,1
payment,1
20th,1
morrow,1
staying,1
gridline,1
occult,1
rotation,1
owell,1
videoid57f4da1eab80c2117d813a13ef1b386f,1
bohostyle,1
versatility,1
football,1
trait,1
stylist,1
lawn,1
buzz,1
lyme,1
translunar,1
zen,1
playing,1
aging,1
divine,1
glam,1
pedestal,1
captain,1
crunch,1
costumer,1
tapadera,1
giftvery,1
wht,1
mnemonic,1
bleeding,1
wellbalance,1
niche,1
veteranofficer,1
retainer,1
gf,1
rememberence,1
thickgood,1
lightblurry,1
deployment,1
garment,1
headneck,1
roomkitchen,1
overflowing,1
peek,1
perfumey,1
dissolution,1
bombssalt,1
coldsore,1
lemongrass,1
photoprint,1
bordeaux,1
fitness,1
sonsinlaw,1
tinyness,1
dairy,1
chisel,1
teamwork,1
goh,1
trivium,1
quiz,1
refrigerator,1
scenery,1
sunset,1
snobby,1
monte,1
wolfman,1
poolafter,1
familyfriend,1
bore,1
stim,1
durabilty,1
grandmamom,1
epistle,1
lintie,1
stabbing,1
firewood,1
videoid6dfe150672697bebd5e77730519b1c30,1
repositioning,1
redondo,1
reconciliation,1
pommel,1
amvery,1
oackaging,1
tomatoe,1
wasso,1
grrrrr,1
worn3,1
lustre,1
whiteblk,1
ringit,1
teven,1
yourmistake,1
rubbish,1
themgreat,1
statescitie,1
droopy,1
lacy,1
loooooovvvvvessssss,1
sorority,1
gamma,1
golfing,1
intimidate,1
15ml,1
barrier,1
apprehensive,1
holdersleeve,1
bookclubber,1
topeka,1
detangler,1
pendantfrist,1
misspellinglook,1
extraction,1
gifthe,1
qoute,1
femme,1
marshmallow,1
concession,1
wow,1
yesr,1
liver,1
amazinggggg,1
overpackage,1
roar,1
herkimer,1
haste,1
nerve,1
sweating,1
eiffel,1
awesome,1
loooveeeeee,1
cuticle,1
brim,1
bonusi,1
tonsillectomy,1
strobe,1
breathabllity,1
crime,1
commmite,1
wreck,1
personnel,1
prank,1
attacker,1
soy,1
angler,1
wantedexpecte,1
spraymist,1
alain,1
layering,1
quilty,1
chestnut,1
wonderfull,1
fbfs,1
survival,1
straddle,1
dachshundterri,1
perkiness,1
detriment,1
territory,1
voyage,1
llego,1
perfecta,1
condicione,1
gathering,1
gazillion,1
declaration,1
cartilege,1
hospital,1
windchime,1
godchildren,1
umm,1
stepson,1
feetwipe,1
crudladen,1
gnarly,1
dweller,1
colorspattern,1
behold,1
new,1
skillet,1
constant,1
pickup,1
wellfitte,1
professionalism,1
usesi,1
subscription,1
ache,1
bajillion,1
handwood,1
mothertobe,1
accebt,1
coulda,1
ampersand,1
precase,1
hotcold,1
drool,1
enforcement,1
scuba,1
diving,1
limousine,1
ginger,1
ebayer,1
sol,1
sxent,1
sizewearing,1
tabletop,1
endpart,1
blowdrie,1
timely,1
conduction,1
fiancee,1
incentive,1
separation,1
olddaughter,1
fourteenyear,1
initiative,1
cut2nd,1
pie,1
platinum,1
personalizarion,1
socket,1
memo,1
tuve,1
receptiva,1
companion,1
viewpoint,1
sewingcraft,1
montura,1
mistaketypo,1
considerate,1
laundering,1
kiss,1
ringsjewelry,1
accomodating,1
reeding,1
daughterinlove,1
grimace,1
trabajo,1
sin,1
poker,1
deff,1
thesis,1
yen,1
stepmom,1
ecxpecte,1
designerseller,1
dingbat,1
a4,1
childish,1
witchcraft,1
offputting,1
chaos,1
parameter,1
becalm,1
debut,1
frustrate,1
enemy,1
insomnia,1
classroomgymoffice,1
micheal,1
whatsmore,1
piture,1
unglue,1
firstgrader,1
huele,1
handcream,1
wack,1
apaper,1
avenue,1
blackoil,1
asa,1
sherri,1
leuchtterm,1
labratory,1
carcass,1
videoid57b17a88cbd25be693c343653560968c,1
f,1
salavage,1
crappi,1
lysol,1
sandlewood,1
mis,1
phoney,1
pageant,1
thst,1
videoid5b87a3da1684c0934b672f3011e402a8,1
merch,1
frankincense,1
sirve,1
concoct,1
shimmery,1
thong,1
theoigh,1
garagesale,1
whenif,1
ruvih,1
profiting,1
puttingpulle,1
credential,1
photoshop,1
canva,1
spraint,1
plainb,1
pricedoe,1
presuming,1
cracker,1
mightvreturn,1
oendand,1
chakra,1
thief,1
cjeist,1
cambio,1
migrate,1
asking,1
clump,1
encryption,1
corrode,1
robbery,1
fugifilm,1
relative,1
rune,1
salmon,1
billing,1
resine,1
crisscross,1
slipper,1
realcrystal,1
snake,1
harley,1
soggy,1
premie,1
dayboth,1
haunt,1
lilac,1
sunglass,1
contamination,1
chump,1
wort,1
returnthrew,1
ish,1
buddha,1
holisticwellness,1
profanity,1
unpackage,1
weste,1
pequeños,1
dissappointment,1
exhaust,1
sandblasting,1
christal,1
plain,1
triste,1
cress,1
releiver,1
lipgloss,1
reliability,1
2400i,1
cutup,1
shippingon,1
fuerte,1
lye,1
benjamin,1
chemicaldead,1
21st,1
lieu,1
conté,1
quería,1
ladonna,1
videoid78989376e8300489b8665e635d914103,1
weathervery,1
twiceand,1
judgement,1
musk,1
dupecloud,1
balsam,1
deceitful,1
deem,1
wke,1
enviaron,1
hindgr,1
zinc,1
poorquality,1
anount,1
conner,1
delicacy,1
middleschool,1
wreak,1
disconnect,1
lasty,1
rot,1
zazzle,1
fuera,1
relaxation,1
rewashe,1
progress,1
31st,1
mitzvah,1
instill,1
plyer,1
tokeep,1
crystalsbroke,1
lag,1
transparent,1
encyclopedia,1
falllike,1
fullness,1
había,1
arrow,1
9mth,1
giftsi,1
kindling,1
rist,1
swearing,1
indecisive,1
waxmelt,1
carbine,1
golfcart,1
magazine,1
iti,1
goodread,1
pritene,1
reapplie,1
poem,1
putty,1
spong,1
hr,1
newspaper,1
trauma,1
benzene,1
quit,1
excution,1
shannon22,1
rail,1
hyperventilating,1
horween,1
pullup,1
thirdparty,1
zoom,1
cadmium,1
madebroke,1
aventurine,1
dishearten,1
expensivefor,1
ass,1
setnot,1
blackhead,1
replacementvery,1
quinn,1
4yr,1
dumb,1
amreturne,1
reimburse,1
revenue,1
misuse,1
lithograph,1
chromium,1
brominate,1
retardant,1
softener,1
faceonly,1
doxie,1
detach,1
jhst,1
colonization,1
descripción,1
plywoodtype,1
safeguard,1
oro,1
otw,1
sunspot,1
plural,1
atarte,1
qualification,1
dupe,1
streaming,1
tradition,1
dissapeare,1
descrption,1
restart,1
rickity,1
tobe,1
argument,1
signet,1
upkeep,1
coronavirus,1
sticking,1
enhancer,1
workwood,1
conservation,1
werejust,1
photoposter,1
monitoring,1
jail,1
finalization,1
compliance,1
hike,1
wearandtear,1
holddown,1
selfdefense,1
samhain,1
taos,1
mileage,1
whistle,1
satiesfy,1
goldendoodle,1
voila,1
readability,1
cloudyimperfection,1
veteran,1
nugget,1
tragedy,1
woodcraft,1
th,1
diabetic,1
generator,1
customizing,1
machinery,1
55lbs,1
retriever,1
lankier,1
mistakesit,1
timegreat,1
sorceress,1
bottlespump,1
lorenzen,1
tensionstress,1
itquality,1
ocassion,1
helpfulness,1
kuddo,1
winnebago,1
dedicate,1
wishlist,1
antiquelooke,1
disneyland,1
gush,1
semblance,1
moneyback,1
30inch,1
violinist,1
qualitycomfort,1
precise,1
hadmande,1
vame,1
glowinthedark,1
biz,1
mybathroom,1
foodie,1
marbling,1
lamborghini,1
willmost,1
oiler,1
parapsychology,1
discipline,1
changer,1
motivator,1
c773b90f12e869199fb86ed5ef4f3881,1
paw,1
likevthe,1
cassava,1
redocke,1
mythosaur,1
loveeeeeee,1
izzybell,1
perfectl,1
pullthrough,1
hiccup,1
officer,1
sisnlaw,1
drape,1
scope,1
cancel,1
stethascope,1
thr,1
detour,1
wonka,1
toed,1
teensadult,1
happy8921,1
evident,1
gal,1
babyrelate,1
difficultalso,1
thewhimsytimber,1
6mm24,1
cosplay,1
cosplaye,1
shark,1
vinyls,1
crafted,1
netsuke,1
emf,1
girlscout,1
boyscout,1
tgem,1
banister,1
smushe,1
mbp,1
cleat,1
seeget,1
skullbrain,1
divorce,1
boxwood,1
cardwalletcash,1
sandra,1
boda,1
para,1
casa,1
flock,1
compromise,1
diploma,1
fidgety,1
antisipate,1
bottlelook,1
shiplap,1
sizequality,1
14th,1
cutestsweet,1
lookingi,1
grandbabie,1
comunication,1
difuser,1
summerfield,1
cumpleaños,1
bendicione,1
lick,1
snapping,1
promp,1
wer,1
awe,1
queation,1
rl,1
engineerproducer,1
shuffle,1
hormone,1
tour,1
render,1
raw,1
budgeting,1
needwant,1
finance,1
flipping,1
forewarn,1
nik,1
punlaugh,1
lament,1
perfectjust,1
downstairs,1
eat,1
monochrome,1
colorscolor,1
ikea,1
eyeball,1
cider,1
vinegar,1
bake,1
ezgo,1
upholstery,1
volunteer,1
projectile,1
alice,1
wonderland,1
sneak,1
emoji,1
stash,1
videoid91f34d3d27823ab495ef0a8c87105276,1
allgone,1
temind,1
verne,1
standardsize,1
deluxe,1
polka,1
cambiado,1
coyote,1
effortless,1
preparation,1
whale,1
camping,1
wordworke,1
metalwork,1
outsource,1
hawai,1
peep,1
heirloomquality,1
perrrrfect,1
lightne,1
yardage,1
wast,1
induce,1
bandit,1
vowel,1
popu,1
speediness,1
milk,1
grill,1
reassurance,1
champagne,1
gingerpie,1
pathology,1
hoa,1
echmeck,1
tyrion,1
catchall,1
earringsthank,1
estoy,1
laziness,1
fender,1
camo,1
videoid8e73d3e2ba151d07298a29630bdb60d2,1
bougie,1
noproblem,1
communicator,1
engagment,1
produt,1
witcher,1
itif,1
daffodil,1
scrawl,1
frooty,1
quince,1
tac,1
journale,1
ontake,1
sleeper,1
glassware,1
bday,1
epitome,1
tantamount,1
thoroughness,1
awareness,1
vestige,1
funnel,1
enterprise,1
woder,1
earringsstay,1
stephanie,1
seaside,1
artifact,1
somany,1
embellishment,1
looooooove,1
thissssss,1
recognise,1
maleficent,1
knee,1
boogie,1
gear,1
roughsharp,1
94year,1
eear,1
mainstay,1
garland,1
neckline,1
optima,1
attire,1
cabecera,1
motivation,1
videoid576dd8048b5a706992ee99e70c1692a3,1
worshiper,1
follower,1
paisley,1
floral,1
6th,1
bot,1
katywompus,1
honda,1
stigma,1
ravenclaw,1
hufflepuff,1
waooooo,1
writingpersonalization,1
powering,1
dopp,1
talking,1
sandrine,1
dam,1
michigan,1
suntanne,1
goos,1
tweena,1
videoid7958f4d60863364edf4eecf8a642ad40,1
tomfoolery,1
furbaby,1
bubblewrap,1
transitdelivery,1
grove,1
twill,1
bff,1
triforce,1
oct,1
dentastix,1
widesaige,1
widei,1
granite,1
friendsister,1
dictionary,1
comma,1
satisfecho,1
weave,1
know1,1
merv13,1
bags3,1
bending,1
amplitude,1
layered,1
morelater,1
reat,1
zillion,1
river,1
herb,1
thoughtfuli,1
adjustability,1
cookout,1
neede,1
fob,1
toenail,1
eclipse,1
swoon,1
malt,1
vow,1
videoid53fc55d5ccf835d68c9d33f3074e6a2b,1
sam,1
mustache,1
olph,1
illastration,1
rivalry,1
kindhearte,1
wavering,1
bookcase,1
invisione,1
someplace,1
inspiration,1
bannerposter,1
grody,1
array,1
suprise,1
refresh,1
uselook,1
percect,1
whateversaying,1
manifestation,1
midwest,1
boar,1
teenage,1
rehearsal,1
handwork,1
ebm,1
doggo,1
niños,1
también,1
peachy,1
forge,1
talisman,1
witchygoddess,1
discrete,1
ally,1
recap,1
yoke,1
encantó,1
maryland,1
stellar,1
groomsman,1
fella,1
mishap,1
broom,1
themthank,1
surpass,1
smallpet,1
thinsmall,1
itthis,1
shore,1
sibling,1
belta,1
dope,1
woodworker,1
apparel,1
recipeint,1
lowkey,1
ons,1
novel,1
citrusy,1
phonewallet,1
chemistry,1
asthma,1
sleek,1
estás,1
navidade,1
shippingi,1
hurray,1
girlfiend,1
woodland,1
creature,1
buttttt,1
sacrifice,1
ultra,1
starsdate,1
host,1
godchild,1
assortment,1
expert,1
wasent,1
engravment,1
lego,1
weapon,1
personal,1
goingbacktocollege,1
niceeee,1
adhdanxietytrich,1
pullingpicke,1
conference,1
15th,1
digitalprint,1
bodytype,1
neon,1
onpoint,1
filly,1
menow,1
trailer,1
owe,1
boom,1
bedrm,1
smallmedium,1
sunbleache,1
perfecto,1
pirate,1
craftsman,1
alexandrite,1
gbirthday,1
snd,1
dallas,1
woody,1
irration,1
teapot,1
climber,1
servicefirst,1
loveeee,1
shin,1
greatgrandaughter,1
compile,1
reorganize,1
sensitive,1
easter,1
silversmithe,1
cherrys,1
bioplast,1
giftmade,1
wardrobe,1
itis,1
perfectgreat,1
sketch,1
rapido,1
tambien,1
tul,1
videoid5b9a50f433a4497fbe39e6d6a9677361,1
stairwell,1
halfafter,1
inconvenient,1
cobra,1
premium,1
scientist,1
borderline,1
acetone,1
wcellophane,1
veryyyyyyy,1
allergiesi,1
sippycup,1
sturdier,1
handsfinger,1
yearstatetext,1
decipherbut,1
tame,1
videoid3634901e101eca4781b0daaac9bea70d,1
4out,1
sealant,1
arie,1
media,1
white,1
overstuff,1
flense,1
dome,1
tiktok,1
fino,1
explode,1
pray,1
jasmine,1
veiny,1
blah,1
duck,1
abigail,1
rosebud,1
literature,1
lazer,1
nevklace,1
antenna,1
freshen,1
videoid55ddc8108bfbf8a00de12f1016707806,1
nonelectric,1
multiple,1
excitment,1
rosey,1
hatter,1
lovehence,1
brushcomb,1
sm,1
surpise,1
fancy,1
producto,1
bathing,1
inflict,1
someslightpain,1
exact,1
paragraph,1
watchout,1
origination,1
locate,1
quiality,1
penase,1
rebende,1
worksheet,1
smelling,1
wyome,1
transparente,1
amarilloso,1
handwritten,1
si,1
costase,1
pantalla,1
cutie,1
smellbut,1
dsughter,1
corporation,1
debt,1
aim,1
snowball,1
squeele,1
rework,1
threadsundoing,1
winding,1
craziness,1
marksmanship,1
sandal,1
brotherinlaw,1
golfball,1
encourgement,1
declare,1
loofa,1
magenta,1
deformation,1
cement,1
woyld,1
affordable,1
themjust,1
reinsertion,1
akward,1
stumble,1
delivee,1
asphalt,1
shingle,1
colorful,1
woodchuck,1
wellprice,1
om,1
midi,1
haul,1
crank,1
semi,1
outselve,1
2cd,1
ringhoop,1
nutcracker,1
necklacevery,1
madethank,1
rocker,1
purplishbluish,1
fontour,1
donna,1
butthe,1
orangey,1
foster,1
aquarius,1
femaleidentifie,1
aggravate,1
workforce,1
ihave,1
grtgrandson,1
malfunction,1
rabbit,1
raccoon,1
loofah,1
sword,1
excoriation,1
violet,1
mum,1
cqan,1
pricier,1
nuera,1
videoid8d2f24874861e8832507bef513abaad3,1
aura,1
pascado,1
ribg,1
pineapple,1
qaulity,1
livingn,1
ui,1
regulate,1
scostume,1
tull,1
quarantime,1
purposescon,1
shipyou,1
colorsunless,1
activate,1
charade,1
cue,1
duration,1
disturbance,1
squeezer,1
rockclimbe,1
sixcupper,1
anatomy,1
ither,1
spotbump,1
bathshower,1
grenade,1
piecebut,1
reading,1
upto,1
postcrossingcom,1
fallwinter,1
little,1
flask,1
facilitate,1
colordesign,1
priceless,1
supercheap,1
clinic,1
inefficiency,1
keyring,1
eep,1
shoulda,1
spruce,1
parcel,1
whengot,1
clumpiness,1
greenblue,1
cooperation,1
stinkin,1
mate,1
eczema,1
iceland,1
frames,1
setback,1
monitor,1
slender,1
myselfchain,1
cheer,1
ido,1
booth,1
bridesmaid,1
allot,1
niecegoddaughter,1
retro,1
solo,1
firefly,1
glaze,1
atmosphere,1
fallon,1
upsidedown,1
acknowledgement,1
artworkgreat,1
perk,1
sadness,1
certainty,1
colorcycle,1
dispenser,1
hvac,1
invite,1
esperada,1
tastebut,1
billboard,1
spacefiller,1
qualitygreat,1
branding,1
specified111822,1
triangular,1
classic,1
xxl,1
petty,1
kindof,1
bugger,1
reserve,1
tinkle,1
pointtriangle,1
walking,1
seamstress,1
moldevite,1
courier,1
itemgonna,1
dissapoint,1
dar,1
babyshower,1
spaying,1
hag,1
overuse,1
chargereasy,1
outi,1
straightforward,1
moreso,1
attentive,1
abound,1
usa,1
entertainment,1
contribute,1
auricle,1
princess,1
germaphobe,1
excess,1
awsome,1
easyer,1
beautician,1
blakey,1
naomi,1
dint,1
besure,1
purchasingpackingdelivery,1
leafs,1
umbrella,1
canvastype,1
unnecessary,1
distressing,1
lineup,1
jellybean,1
mammography,1
industry,1
fruitytropicalmango,1
coarser,1
nonformal,1
courtroom,1
enseña,1
clipboard,1
electroplate,1
polk,1
bracingbracket,1
hematitetone,1
olace,1
delegate,1
reinserte,1
unsureness,1
shippingitem,1
resident,1
amelia,1
aaralyn,1
canning,1
multipocket,1
bagcustom,1
turquiose,1
assistant,1
bonita,1
butttt,1
imbrue,1
rental,1
spender,1
aswell,1
bottomline,1
dwarf,1
cutechain,1
genderneutral,1
glasstop,1
wellpackage,1
sanding,1
bungalow,1
genius,1
miscommunication,1
godson,1
communion,1
freeway,1
suet,1
ringsnecklace,1
annoyance,1
endosperm,1
dim,1
flickering,1
interface,1
perderlasfuera,1
boarder,1
minpin,1
summertime,1
symbolism,1
greatbut,1
pinkblush,1
urethane,1
reround,1
paperstock,1
exam,1
ion,1
seashell,1
wearability,1
transition,1
lynkin,1
fedex,1
ringwell,1
eraserthese,1
combinedmaybe,1
reclose,1
pamper,1
assessment,1
bootcamp,1
earthquake,1
tacky,1
duper,1
saltwater,1
19th,1
attachedtie,1
eg,1
mothball,1
homeowner,1
sappy,1
calidadme,1
biggie,1
moreall,1
binge,1
series,1
vike,1
trend,1
ome,1
libra,1
bias,1
connotation,1
namesnickname,1
moonshine,1
25th,1
gripclamp,1
paver,1
overwhelming,1
gardner,1
backyard,1
input,1
writting,1
usefulness,1
denser,1
clicking,1
blinge,1
gasp,1
soneveryo,1
potential,1
mst,1
punt,1
launder,1
assess,1
claspput,1
looksfeel,1
airline,1
protocolsinspection,1
bucket,1
womanit,1
installer,1
smtms,1
errorthank,1
positives1,1
juxtaposition,1
does6,1
genderless,1
plum,1
gallon,1
usehave,1
happenintereste,1
soldier,1
shippedarrive,1
wellworks,1
everydayi,1
itemi,1
undulation,1
instead,1
godsend,1
alcatr,1
observation,1
wand,1
deceiving,1
timey,1
mn,1
freshnee,1
dyer,1
tackiness,1
poly,1
grandsonhs,1
tentacle,1
thicknessand,1
availability,1
sickness,1
castiron,1
doggie,1
chararcter,1
beholder,1
barware,1
justifytheir,1
overbear,1
loophead,1
great,1
loosens,1
scout,1
mayor,1
mygoto,1
critic,1
arch,1
welldesigne,1
reccommend,1
28th,1
quicklyahead,1
jury,1
radio,1
beachy,1
plot,1
spacesbe,1
homerun,1
grandmothermother,1
wellbee,1
resend,1
relate,1
hardworke,1
honest,1
celebration,1
collarbone,1
bebé,1
hyperventilate,1
vanity,1
sass,1
interesting,1
amathyst,1
grueso,1
tumblerstyle,1
rinsei,1
namechildren,1
weakness,1
stackchimney,1
pasture,1
clair,1
suuuuuper,1
charm3,1
matteo,1
holderstriker,1
condone,1
fatgrease,1
plumbing,1
footprint,1
naming,1
special,1
pancake,1
rreview,1
burr,1
errand,1
scripture,1
donte,1
cock,1
botle,1
onestar,1
muzzle,1
virus,1
wooooohhhooooooo,1
greatgrand,1
crevice,1
eyelash,1
sneaker,1
paperclip,1
workethic,1
greyish,1
marginalization,1
designing,1
encourage,1
scentcy,1
pandemia,1
sólo,1
vece,1
breakout,1
vale,1
cuidado,1
frustrated,1
mullen,1
mishandle,1
spur,1
colorant,1
derive,1
coloring,1
24th,1
tasteful,1
girli,1
a62,1
tovendor,1
mull,1
pudy,1
broke,1
vie,1
videoid1b2ecb58ce18b3862067a11eaad93f9a,1
canripoff,1
hibicus,1
narrative,1
van,1
thisplease,1
potpourri,1
hax,1
thisa,1
releaser,1
creatorsmanufacturer,1
ourgrow,1
dispaye,1
adulthood,1
tiffanylooke,1
counterpart,1
lettersareso,1
cheapoverprice,1
baño,1
resulta,1
harp,1
girlthe,1
adultwill,1
baffle,1
embosser,1
chargerit,1
flatthin,1
sus,1
promociona,1
taylor,1
beeare,1
thimbprint,1
horribledo,1
disregard,1
isle,1
aftershave,1
flaking,1
nailer,1
builder,1
purseit,1
14yr,1
coupd,1
gunna,1
customser,1
pedometer,1
protecct,1
wheelie,1
34x,1
qtip,1
driftwood,1
desricption,1
workmanshipdo,1
buyif,1
writer,1
keratosis,1
devourvel,1
videoid69c365e4b19f14f534b065f09bf68d6b,1
andor,1
tht,1
inequality,1
myth,1
transpose,1
craftmamship,1
perpetuate,1
timeout,1
concentration,1
behaviorism,1
dhl,1
sruckon,1
cedar,1
nugold,1
hopp,1
hot,1
castle,1
offline,1
engraver,1
sandpaper,1
laseretch,1
24guage,1
wastewater,1
beadssave,1
phot,1
harge,1
coler,1
craving,1
already5,1
errortypo,1
nausea,1
fund,1
newpaper,1
legitimacy,1
ableism,1
simulation,1
swear,1
noney,1
publicación,1
rewrap,1
twoside,1
equation,1
grandchildren,1
tinysmall,1
riskupdate,1
roadside,1
smartphone,1
itvery,1
karma,1
stainlesssteel,1
walkthrough,1
alarm,1
backsplash,1
haze,1
discomforting,1
supersaturate,1
ulta,1
wage,1
picturemade,1
glitche,1
weaving,1
yellowish,1
dll,1
fusterating,1
bebe,1
ban,1
ivery,1
elaborate,1
horribel,1
bambino,1
shred,1
offfer,1
hunk,1
cha,1
theengraving,1
puddle,1
clear,1
stainfinish,1
aerosolize,1
jim,1
uggggg,1
saler,1
reseal,1
earhelix,1
loo,1
priece,1
productthanks,1
pitch,1
consent,1
throat,1
blissbury,1
privilege,1
strapcute,1
bigi,1
checkmark,1
plush,1
cheapen,1
squiggle,1
deception,1
amulet,1
nonexistant,1
vile,1
ridiculous,1
lookimg,1
steth,1
sneeze,1
geode,1
braid,1
refinish,1
misma,1
disengage,1
woreit,1
falsehood,1
citric,1
initiate,1
borthday,1
clip2nd,1
amase,1
pixelation,1
thick,1
designwise,1
scamme,1
guartee,1
breakaway,1
southwest,1
lla,1
atat,1
hardship,1
flowerleaf2,1
briefly,1
blurr,1
boxgame,1
grapefruitscente,1
potency,1
lodge,1
hitch,1
obligate,1
polishedcleane,1
largerbut,1
thinker,1
reshippe,1
taboo,1
wraptravel,1
getting,1
lubercate,1
leavethemin,1
conplaint,1
soakthrough,1
sweep,1
poopie,1
occurrence,1
wll,1
mixedbreed,1
warrior,1
firstmiddle,1
euculyptus,1
misadvertisement,1
placebo,1
11mon,1
ughstarte,1
dificil,1
decepcionada,1
irritatedwill,1
awesom,1
cheappresswood,1
sportube,1
distinction,1
steaming,1
babytoddler,1
partido,1
irritationinflammation,1
wwar,1
bruise,1
ble,1
refundreplace,1
13yr,1
cain,1
muddle,1
draft,1
weput,1
twice,1
ribboni,1
reasons1,1
some2,1
yg,1
clod,1
shredding,1
slippage,1
incorporate,1
niecetobe,1
purge,1
plotter,1
craftmanshift,1
separate,1
allure,1
crossfit,1
18k,1
tinge,1
categoría,1
etsylike,1
brushmassage,1
leavein,1
venue,1
bose,1
foliage,1
pheasant,1
shaker,1
8x11,1
elongate,1
agirl,1
davion,1
butts,1
qualm,1
heaviness,1
sweetness,1
tlc,1
absorbe,1
tarnishedit,1
mishape,1
potentiate,1
grief,1
ust,1
grayer,1
prevention,1
endeavor,1
5th,1
evev,1
spatula,1
crawl,1
snuff,1
carpenter,1
spare,1
dehumidifier,1
traffic,1
turnover,1
sharing,1
simplay,1
economy,1
playhouse,1
priceand,1
robin,1
2018it,1
commenter,1
baggy,1
tagle,1
fullsize,1
misting,1
happy13thbday,1
desiray,1
qualityso,1
aspirin,1
bsurprise,1
alotta,1
cartera,1
jug,1
emit,1
discription,1
perder,1
influence,1
ideaconcept,1
afterthought,1
amber,1
fkr,1
unfortunateit,1
rota,1
cava,1
10yo,1
ghetto,1
lopside,1
anthropologie,1
redirect,1
laboratory,1
webt,1
erranda,1
fundraiser,1
untine,1
hack,1
2week,1
paie,1
petroleum,1
justification,1
loos,1
paintresin,1
loste,1
copycat,1
farce,1
mandarin,1
jaggedy,1
cognac,1
restocking,1
demon,1
nonsense,1
bolster,1
entity,1
ward,1
walkstand,1
provider,1
lingo,1
output,1
com,1
bash,1
productsservice,1
suitale,1
medication,1
mange,1
race,1
tepid,1
pear,1
electron,1
preface,1
nerf,1
hustle,1
fromcome,1
earand,1
dimention,1
markup,1
shakiyla,1
sept,1
mylar,1
semana,1
repairman,1
climb,1
chemo,1
curaderm,1
autism,1
judgment,1
empathy,1
accommodation,1
disability,1
diagnosis,1
inability,1
glenzy,1
smokes,1
photono,1
refundstamp,1
legiblenotice,1
status,1
companystamp,1
danity,1
metchandise,1
reproduce,1
miter,1
pursue,1
straphandle,1
piel,1
uninteresting,1
sunstance,1
remebrance,1
ot,1
dipper,1
astronomer,1
terminal,1
ripoff,1
envié,1
nunca,1
anythey,1
creue,1
flabbergast,1
carbiner,1
